,mins_after_created,has_location,photos,videos,animated_gifs,hashtags,user_mentions,text_len,verified,followers_count,is_quote_status,friends_count,favorite_count,retweet_count
0,1532,0,0,0,0,0,0,208,1,420442,1,1165,6180,1319
1,1667,0,1,0,0,0,0,179,1,57329,0,3482,4326,1218
2,500,0,0,0,0,0,1,155,1,161097,1,830,6581,1739
3,1667,0,0,0,0,0,0,200,1,15163366,0,6878,5117,2245
4,2599,0,0,1,0,0,0,331,1,1543607,1,397474,4142,963
5,1526,0,0,0,0,0,0,221,1,101955,0,5967,4352,1910
6,617,0,3,0,0,0,2,257,1,283638,0,4544,3301,847
7,1799,0,1,0,0,0,0,297,1,5798148,0,0,5944,734
8,2016,0,1,0,0,1,0,218,1,485157,0,6480,844,369
9,1274,0,1,0,0,0,1,162,1,283638,1,4544,4471,947
10,2212,0,0,0,0,0,0,282,1,1209209,0,957,6893,993
11,525,0,0,0,0,0,0,280,1,593051,0,5389,2108,932
12,1969,1,0,0,0,0,0,182,1,55548,0,4318,3932,889
13,1131,0,0,0,0,0,1,165,1,1231834,0,1547,2329,729
14,1567,1,0,0,0,0,0,229,1,152991,0,2902,5563,777
15,3062,0,0,0,0,0,0,279,1,245576,0,1799,6665,3086
16,3017,0,0,0,0,0,0,279,1,1207460,0,824,4164,1726
17,2907,0,0,0,0,1,0,217,1,291695,0,1899,5069,2468
18,2784,0,0,0,0,0,1,199,1,15163366,0,6878,899,614
19,2995,0,0,0,0,0,0,275,1,2273534,0,4846,3193,1083
20,2798,0,0,0,0,0,0,270,1,1207460,0,824,3393,1023
21,2974,0,0,0,0,0,0,68,1,430857,0,2705,3233,892
22,2808,1,0,0,0,0,0,221,1,1467124,0,110,2501,1275
23,2829,0,0,0,0,0,1,188,1,778894,0,7144,986,277
24,3049,0,0,0,0,0,0,249,1,44108,0,1371,2025,426
25,2878,0,0,0,0,0,0,100,1,20064619,0,261,1334,342
26,2619,0,0,0,0,0,0,310,1,2731574,1,316,1605,250
27,2917,0,0,0,0,0,0,249,1,421419,0,1526,820,299
28,2626,0,0,0,0,0,0,216,1,14928,0,4233,841,242
29,2649,0,0,1,0,0,0,275,1,16627534,0,503,2065,350
30,3227,1,0,0,0,0,0,149,1,1467124,0,110,5591,2025
31,3063,0,0,0,0,0,0,212,1,893421,0,578,2657,508
32,3079,0,0,0,0,1,0,278,1,1595538,0,163,1020,166
33,3178,1,0,0,0,0,0,118,1,95405,0,1272,2341,722
34,3211,0,0,0,0,0,1,222,1,16627534,0,503,7377,1185
35,3115,0,0,0,0,0,1,209,1,893421,0,578,1147,383
36,3249,0,0,0,0,0,0,256,1,320024,0,27062,9891,941
37,3178,0,1,0,0,0,1,304,1,862091,0,1166,1460,334
38,3165,0,0,0,0,0,1,180,1,7909,0,153,1636,294
39,3171,0,0,0,0,0,0,112,1,20064619,0,261,984,347
40,3181,0,0,0,0,0,0,280,1,15163366,0,6878,778,330
41,3186,1,0,0,0,0,0,135,1,1467124,0,110,3179,809
42,3084,0,0,0,0,1,0,276,1,52633,0,1450,403,157
43,3343,0,0,0,0,0,0,226,1,40531,0,2282,3571,670
44,3191,0,0,1,0,1,0,210,1,4129959,0,344,1364,442
45,10420,0,0,1,0,2,0,250,1,417613,0,2721,6216,3121
46,8668,1,0,0,0,0,0,274,1,2003067,0,2305,24402,6680
47,6258,1,0,0,0,0,0,249,1,1150440,0,533,5307,1658
48,10932,0,0,0,0,0,0,212,1,94467,0,151,7668,1849
49,9212,0,1,0,0,0,1,139,1,3434753,0,529,14855,1824
50,4711,0,0,0,0,0,0,287,1,161097,0,830,11575,1762
51,8958,0,0,0,0,0,0,149,1,579831,1,2729,5251,1885
52,4789,0,0,1,0,1,0,276,1,3738908,0,178,11943,4565
53,7282,0,4,0,0,0,0,295,1,161097,0,830,8123,1884
54,11443,0,0,0,0,0,0,144,1,135726,0,2099,9584,2084
55,10331,0,0,0,0,0,0,252,1,567014,0,766,13550,4711
56,6865,0,0,0,0,0,0,194,1,245576,0,1799,5259,3119
57,6746,0,0,0,0,0,0,278,1,292502,0,1887,8779,3121
58,9022,0,0,0,0,0,0,148,1,283638,0,4544,8858,2841
59,11469,0,0,0,0,0,0,303,1,376395,1,667,5643,877
60,11498,0,0,0,0,0,0,277,1,421419,0,1526,3956,2451
61,11756,0,0,0,0,0,0,274,1,2025235,1,6992,3354,1144
62,11943,0,0,0,0,0,0,308,1,4238719,1,2216,1062,564
63,12200,0,0,0,0,1,0,266,1,154517,0,357,2297,274
64,11568,0,0,0,0,0,0,270,1,385073,0,106504,3547,869
65,12144,0,0,0,0,0,0,287,1,261608,0,5833,3952,1428
66,11858,1,0,1,0,0,0,204,1,355143,0,1256,3287,827
67,11738,0,0,0,0,0,0,278,1,1207460,0,824,4027,1630
68,11527,0,0,0,0,0,1,277,1,740923,0,5919,5423,1843
69,11808,0,1,0,0,0,0,120,1,893421,0,578,7831,1024
70,11737,0,0,0,0,0,0,97,1,248414,0,8865,4175,1461
71,11896,0,4,0,0,1,0,303,1,94467,0,151,1020,462
72,11886,0,2,0,0,1,2,304,1,94467,0,151,933,452
73,12217,0,0,0,0,0,0,295,1,269117,1,1124,1438,579
74,12211,0,0,0,0,0,1,270,1,176591,1,2050,1368,280
75,12220,0,0,0,0,0,0,302,1,176591,1,2050,709,183
76,12227,1,0,0,0,0,0,102,1,263379,0,174,1415,267
77,12215,0,1,0,0,1,0,139,1,21858,0,633,104,78
78,12215,0,0,0,0,0,0,203,1,34701,0,5499,83,45
79,12214,0,0,0,0,0,0,184,1,83034,0,1056,103,37
80,12223,1,0,0,0,0,1,132,1,263379,0,174,222,57
81,12232,1,0,0,0,0,1,196,1,9752,0,328,276,66
82,12204,0,0,0,0,0,1,125,1,859278,0,1785,114,21
83,12207,1,0,0,0,0,0,125,1,1782784,0,676,47,18
84,1532,0,0,0,0,0,0,208,1,420442,1,1165,6180,1319
85,1667,0,1,0,0,0,0,179,1,57329,0,3482,4326,1218
86,500,0,0,0,0,0,1,155,1,161097,1,830,6584,1741
87,329,0,0,0,0,0,0,278,0,352,0,497,0,0
88,329,1,0,0,0,0,1,103,0,0,0,10,0,0
89,329,0,0,0,0,0,3,113,0,34,0,63,0,0
90,329,0,0,0,0,0,0,271,0,9643,0,2418,0,0
91,329,0,0,0,0,0,2,114,0,325,0,560,0,0
92,329,0,0,0,0,0,0,158,0,813,0,438,0,0
93,329,0,0,0,0,0,4,170,0,1872,0,5001,0,0
94,329,0,0,0,0,0,0,128,0,14738,0,3459,0,0
95,329,0,0,0,0,2,1,103,0,385,0,867,0,0
96,330,0,0,0,0,0,1,117,0,161315,0,102,0,0
97,330,0,0,0,0,0,0,238,1,63566,0,1905,0,0
98,330,0,0,0,0,0,0,258,1,512270,0,241,0,0
99,1667,0,0,0,0,0,0,138,0,1874,0,1690,6,0
100,1667,0,0,0,0,0,0,205,1,152473,0,162,1,1
101,1667,0,0,0,0,0,0,100,0,55,0,411,0,0
102,1667,0,0,0,0,4,0,107,0,26679,0,6682,2,2
103,1667,0,0,0,0,0,2,245,0,160,0,680,1,0
104,1667,1,0,0,0,0,0,118,0,2747,0,2597,36,6
105,1667,0,0,0,0,0,2,82,0,146,0,904,0,0
106,1667,0,0,0,0,0,5,341,0,181,0,260,0,0
107,1667,0,0,0,0,3,1,165,0,6467,0,2812,0,2
108,1667,0,0,0,0,0,0,278,0,33,0,201,0,1
109,1667,0,0,0,0,0,1,70,0,124,0,388,0,0
110,1667,0,0,0,0,0,0,110,0,16484,0,11820,4,1
111,1667,0,0,0,0,3,1,134,0,6467,0,2812,0,1
112,1667,0,0,0,0,0,2,251,0,78,0,93,0,0
113,1667,0,0,0,0,0,1,143,0,473,0,590,3,0
114,1668,1,0,0,0,3,0,132,0,5,0,10,0,0
115,1668,0,0,0,0,3,1,168,0,6467,0,2812,0,1
116,1668,0,0,0,0,0,0,113,0,26149,0,10518,0,1
117,1668,1,0,0,0,0,0,115,0,51584,0,13493,31,7
118,1668,0,0,0,0,0,1,107,0,163,0,592,0,1
119,1668,0,0,0,0,0,1,78,0,1716,0,1958,5,2
120,1668,0,0,0,0,1,0,203,1,345617,0,84,9,0
121,1668,0,0,0,0,0,0,177,0,4511,0,4960,3,1
122,1668,1,0,0,0,0,0,139,0,567,0,4062,0,0
123,1668,0,0,0,0,2,0,237,1,29041,0,1236,46,9
124,1668,0,0,0,0,1,0,272,1,20086,0,3717,9,5
125,1668,0,0,0,0,0,0,216,0,110,0,58,0,0
126,1668,0,0,0,0,0,0,231,0,2024,0,788,0,0
127,1668,1,0,0,0,1,0,123,0,909,0,1170,0,0
128,1668,0,0,0,0,0,0,101,0,2141,0,1748,0,0
129,1668,0,0,0,0,1,0,134,0,662,0,1131,0,0
130,1668,0,0,0,0,0,1,230,0,1395,0,1106,5,0
131,1668,0,0,0,0,0,0,111,0,547,0,558,0,0
132,1668,1,0,0,0,0,2,102,0,999,0,981,3,0
133,1668,0,0,0,0,0,1,264,0,64,0,776,1,0
134,1668,1,0,0,0,2,6,266,0,1,0,4,0,0
135,1668,0,0,0,0,0,0,124,0,165,1,397,1,0
136,1668,1,0,0,0,0,0,145,0,531,0,979,0,0
137,1668,0,0,0,0,0,0,163,0,1735,0,962,0,0
138,1668,0,0,0,0,0,4,118,0,20,0,235,15,0
139,1668,0,0,0,0,5,2,135,0,1240,0,169,0,4
140,1668,0,0,0,0,0,1,267,0,178,0,1184,2,1
141,1668,0,0,0,0,0,0,83,0,89844,0,687,0,1
142,1668,0,0,0,0,2,0,135,0,77,0,46,1,0
143,1668,0,0,0,0,0,0,86,0,406,0,668,0,0
144,1668,0,0,0,0,4,0,189,0,1117,1,337,0,0
145,1668,0,0,0,0,0,2,256,0,44,0,260,0,0
146,1668,0,0,0,0,1,0,285,0,3533,0,2157,5,0
147,1668,0,0,0,0,0,1,149,0,7100,0,7535,6,9
148,1668,0,0,0,0,0,1,298,0,668,0,1696,1,0
149,1668,0,0,0,0,0,0,129,0,31,0,202,0,0
150,1668,0,0,0,0,5,0,168,0,495,0,347,1,2
151,1668,0,0,0,0,1,1,298,1,14872,1,2304,2,2
152,1668,0,0,0,0,0,1,146,0,238,0,685,3,0
153,1668,0,0,0,0,2,1,112,0,1372,0,1237,0,0
154,1668,1,0,0,0,0,1,290,0,252,0,412,0,0
155,1668,0,0,0,0,0,1,56,0,800,0,1169,1,0
156,1668,0,0,0,0,0,0,89,0,943,0,252,0,0
157,1668,1,0,0,0,0,0,100,0,6292,0,6417,0,2
158,1668,0,0,0,0,0,0,73,0,772,0,658,0,0
159,1668,0,0,0,0,0,2,143,0,332,0,672,1,0
160,1668,0,0,0,0,0,0,112,0,952,0,1871,3,2
161,1668,1,0,0,0,1,0,108,0,738,0,738,2,1
162,1668,0,0,0,0,1,0,145,0,1418,1,1073,2,2
163,1668,1,0,0,0,2,0,43,0,7,0,41,0,0
164,1668,0,0,0,0,0,1,274,1,800991,0,842,0,0
165,1668,0,0,0,0,0,1,227,0,697,0,284,1,0
166,1668,1,0,0,0,0,2,97,0,26,0,59,2,0
167,1668,0,0,0,0,0,0,120,0,2,0,89,1,0
168,1668,0,0,0,0,0,1,57,0,1734,0,1210,5,0
169,1668,1,0,0,0,0,0,135,0,69,0,186,0,0
170,1668,0,0,0,0,0,1,110,0,163,0,592,0,1
171,1668,0,1,0,0,0,3,323,0,783,0,2505,4,2
172,1668,0,0,0,0,0,2,181,0,2787,0,2400,10,0
173,1668,0,0,0,0,2,0,153,0,757,0,1862,0,0
174,1668,1,0,0,0,0,3,221,0,12,0,84,0,0
175,1668,0,0,0,0,0,0,158,0,13,0,156,0,0
176,1668,0,0,0,0,1,0,274,0,14055,0,1144,20,22
177,1668,1,0,0,0,0,0,144,0,1229,0,2723,0,0
178,1668,0,0,0,0,0,0,233,0,325,0,104,3,0
179,1668,0,0,0,0,0,1,206,0,93,0,318,0,0
180,1668,1,0,0,0,0,1,294,0,852,0,1487,4,0
181,1668,0,0,0,0,0,1,189,0,1241,0,190,7,5
182,1669,0,1,0,0,0,0,93,0,28502,0,80,1,0
183,1669,1,0,0,0,0,0,86,0,72,0,446,0,0
184,1669,0,0,0,0,0,1,259,0,2380,0,535,2,0
185,1669,0,0,0,0,0,0,65,0,1716,0,1958,0,1
186,1669,0,0,0,0,0,3,265,1,68690,0,3212,3,1
187,1669,0,0,0,0,0,1,192,0,1648,0,1867,3,0
188,1669,0,0,0,0,0,1,62,0,732,0,546,0,0
189,1669,1,0,0,0,0,0,307,0,1051,1,280,1,2
190,1669,1,0,0,0,0,4,97,0,1758,0,3318,0,0
191,1669,1,0,0,0,0,1,160,0,845,0,2361,3,0
192,1669,0,0,0,0,0,1,170,0,25,0,98,0,0
193,1669,1,0,0,0,0,0,82,0,3317,1,498,142,5
194,1669,0,0,0,0,1,5,257,0,122,1,303,0,0
195,1669,1,0,0,0,0,1,147,0,59,0,221,0,0
196,1669,0,0,0,0,0,0,161,0,28439,0,27538,2,2
197,1669,0,0,0,0,0,0,67,0,115,1,360,1,0
198,1669,0,0,0,0,0,0,234,0,11391,0,822,18,8
199,1669,0,0,0,0,0,1,52,0,837,0,4129,8,0
200,1669,1,0,0,0,0,0,176,0,282,1,800,7,0
201,1669,0,0,0,0,0,1,137,0,146,0,904,0,0
202,1669,0,0,0,0,3,0,160,0,1299,0,2099,0,0
203,1669,0,0,0,0,0,0,205,0,153,1,131,0,0
204,1669,1,0,0,0,0,1,271,0,53,0,326,0,0
205,1669,1,0,0,0,0,1,214,0,3,0,56,0,0
206,1669,0,0,0,0,0,1,86,0,1479,0,1049,2,0
207,1669,0,0,0,0,0,5,254,0,2814,0,1121,6,0
208,1669,0,0,0,0,0,0,213,1,18575,0,178,17,14
209,1669,0,0,0,0,0,0,109,0,1324,0,2094,1,0
210,1669,0,0,0,0,13,0,192,0,20408,0,20606,1,2
211,1669,0,0,0,0,0,1,188,0,1167,0,1918,1,0
212,1669,0,0,0,0,0,1,262,0,2170,0,3183,1,0
213,1669,0,0,0,0,0,1,125,0,157,0,926,3,0
214,1669,1,0,0,0,0,0,99,0,58392,0,30835,15,3
215,1669,1,0,0,0,0,1,147,0,20,0,114,0,0
216,1669,1,0,0,0,0,0,170,0,62,0,53,0,0
217,1669,0,0,0,0,1,0,124,0,3706,0,2075,5,2
218,1669,1,0,0,0,0,0,142,0,4693,0,3379,3,0
219,1669,1,0,0,0,0,2,130,0,112,0,212,2,0
220,1669,0,0,0,0,0,1,201,0,4555,0,669,1,0
221,1669,0,0,0,0,0,2,279,0,1402,0,991,0,0
222,1669,1,0,0,0,0,0,113,0,1,0,18,0,1
223,1669,1,0,0,0,1,1,237,0,778,0,17,15,70
224,1669,1,0,0,0,0,4,247,0,487,0,2288,0,0
225,1669,1,0,0,0,0,0,73,0,344,0,269,0,0
226,1669,0,1,0,0,0,1,318,0,570,0,577,0,0
227,1669,0,0,0,0,0,1,140,0,571,0,510,0,0
228,1669,0,0,0,0,0,1,106,0,102168,0,61652,3,1
229,1669,1,0,0,0,0,0,155,0,1,0,22,0,0
230,1669,0,0,0,0,0,1,236,0,2531,0,1677,0,0
231,1669,1,0,0,0,0,0,306,0,115,1,446,1,0
232,1669,0,0,0,0,0,1,98,0,2395,0,3060,0,0
233,1669,1,0,0,0,0,0,227,1,1467124,0,110,3255,960
234,1669,0,0,0,0,0,1,77,0,648,0,572,0,0
235,1669,0,0,0,0,0,2,305,0,46,0,94,0,0
236,1669,1,0,0,0,0,0,105,0,76,1,413,0,0
237,1669,0,0,0,0,0,1,178,0,7860,0,6809,0,0
238,1669,0,0,0,0,0,2,308,0,28,0,81,0,0
239,1669,0,0,0,0,0,2,153,0,831,0,1446,8,1
240,1669,0,0,0,0,5,0,191,0,19,0,106,1,0
241,1669,1,0,0,0,0,3,82,0,649,0,559,2,0
242,1669,0,0,0,0,0,0,138,0,2898,0,942,0,0
243,1669,0,0,0,0,0,0,85,0,30,0,133,0,0
244,1669,0,0,0,0,0,0,189,1,211908,0,839,1,1
245,1669,0,0,0,0,0,5,236,0,24426,0,2230,0,0
246,1669,1,0,0,0,0,0,170,0,1477,0,816,0,1
247,1669,1,0,0,0,0,2,46,0,1,0,65,0,0
248,1669,0,0,0,0,0,0,172,0,5057,0,5522,0,0
249,1670,1,0,0,0,1,0,116,0,168,0,185,0,0
250,1670,0,0,0,0,1,1,268,0,638,0,1954,5,0
251,1670,0,0,0,0,0,0,277,0,129,0,156,0,0
252,1670,0,0,0,0,1,0,137,0,3963,0,1599,2,0
253,1670,0,0,0,0,2,0,126,0,358,0,117,0,0
254,1670,0,0,0,0,0,1,98,0,321,0,1320,0,0
255,1670,1,0,0,0,0,1,267,0,7,0,2,1,0
256,1670,1,0,0,0,0,0,118,0,344,0,269,0,0
257,1670,1,0,0,0,0,0,30,0,174,0,184,0,0
258,1670,1,0,0,0,0,0,215,1,72892,0,856,8,8
259,1670,0,0,0,0,0,0,272,0,33,0,32,0,0
260,1670,0,0,0,0,0,2,62,0,186,0,308,0,0
261,1670,1,0,0,0,0,0,179,0,25,0,109,0,0
262,1670,0,0,0,0,0,1,280,0,137,0,607,1,0
263,1670,0,0,0,0,0,1,122,0,163,0,592,0,1
264,1670,1,0,0,0,0,2,45,0,340,0,547,0,0
265,1670,0,0,0,0,0,0,103,0,14718,0,704,0,0
266,1670,0,0,0,0,0,0,95,0,1079613,0,385,7,5
267,1670,0,2,0,0,0,3,301,0,1184,0,536,5,3
268,1670,0,0,0,0,3,0,270,0,27,0,164,1,1
269,1670,1,0,0,0,0,1,131,0,9,0,41,0,0
270,1670,0,0,0,0,1,1,295,0,1385,0,5001,0,0
271,1670,0,0,0,0,2,0,127,0,1357,0,659,0,0
272,1670,0,0,0,0,0,2,264,0,606,0,1667,0,0
273,1670,1,0,0,0,0,1,262,0,129,0,285,0,0
274,1670,0,0,0,0,0,0,103,1,22823,0,295,1,0
275,1670,1,0,0,0,0,2,186,0,15,0,138,0,0
276,1670,0,0,0,0,1,0,116,0,182,0,348,0,0
277,1670,0,0,0,0,0,50,929,0,166,0,195,0,0
278,1670,0,0,0,0,0,2,183,0,198,0,303,0,0
279,1670,0,0,0,0,0,2,306,0,7066,0,266,0,0
280,1670,1,1,0,0,0,2,324,1,103483,0,1353,4,1
281,1670,1,0,0,0,0,0,90,0,775,0,950,0,0
282,1670,0,0,0,0,0,0,278,0,96,0,250,0,0
283,1670,1,0,0,0,0,0,90,0,1,0,5,0,0
284,1554,1,1,0,0,0,0,127,1,2989328,0,1023,33995,3135
285,2774,0,0,0,0,0,0,95,1,1454317,0,3013,15835,1006
286,1587,0,2,0,0,2,0,135,1,2475376,0,347,3773,334
287,2841,0,1,0,0,0,0,76,1,660159,0,2281,20989,2348
288,1694,0,1,0,0,3,0,67,1,2475376,0,347,9542,741
289,2674,0,0,0,0,0,0,89,1,49762,1,2829,5497,1342
290,3072,0,0,0,0,0,0,85,1,150710,0,3846,12355,2196
291,1871,0,0,0,0,0,1,166,1,10006432,0,330,3693,406
292,2064,0,1,0,0,1,2,221,1,627740,0,258,2772,170
293,1654,1,1,0,0,0,0,117,1,148438,0,1034,4916,400
294,567,0,0,1,0,0,1,104,1,1454317,0,3013,1511,188
295,1533,1,1,0,0,0,0,75,1,2627334,0,543,3920,224
296,3071,0,1,0,0,0,1,132,1,3221499,0,235,38261,1313
297,2745,1,0,0,0,0,0,101,1,7943889,0,1181,14928,367
298,3014,1,1,0,0,0,1,152,1,226561,0,491,32283,867
299,3104,1,1,0,0,0,0,110,1,2627334,0,543,6466,525
300,3147,1,1,0,0,0,0,286,1,84553,0,587,160,379
301,3142,0,0,0,0,1,0,111,1,198152,0,1784,3777,256
302,3105,0,1,0,0,2,0,294,1,239323,0,247,891,183
303,3101,0,1,0,0,0,0,133,1,1549321,0,1893,944,76
304,3223,0,0,0,0,0,0,279,1,31924,0,739,1705,167
305,3414,1,1,0,0,1,1,200,1,2475235,0,264,23454,1052
306,3104,1,1,0,0,0,0,149,1,647929,0,923,662,87
307,3106,1,1,0,0,0,0,118,1,403527,0,365,5714,150
308,3104,1,1,0,0,0,1,77,1,1077519,0,433,3578,109
309,3279,1,0,0,0,0,0,120,1,158525,0,1557,3497,246
310,11978,0,0,1,0,1,2,278,1,400232,0,358,33931,4911
311,3307,1,0,1,0,1,0,233,1,1109772,0,848,788,72
312,3080,1,0,1,0,3,0,266,1,3094927,0,121,929,58
313,3102,1,0,1,0,3,0,171,1,3094927,0,121,369,50
314,12015,0,2,0,0,0,0,276,1,2475376,0,347,7966,821
315,12044,0,0,1,0,0,0,91,1,453487,0,1408,2113,296
316,12135,0,1,0,0,0,1,72,1,170414,0,1192,2166,215
317,12038,0,1,0,0,1,0,182,1,2465918,0,5234,522,88
318,12213,1,1,0,0,0,0,140,1,1077519,0,433,3859,137
319,12220,0,0,0,0,0,1,264,1,64883,0,1450,229,33
320,12111,0,1,0,0,0,0,212,1,13528029,0,70,56,11
321,12164,0,0,0,0,0,0,262,1,57711,0,3307,83,24
322,12180,0,1,0,0,1,1,300,1,55090,0,1986,34,16
323,12038,1,0,0,0,2,5,245,1,3094927,0,121,287,42
324,12210,0,0,0,0,0,0,72,1,15930,0,1988,657,20
325,12212,0,1,0,0,0,0,185,1,1549321,0,1893,234,19
326,12024,0,0,1,0,2,2,247,1,422006,0,408,176,25
327,12164,0,0,0,0,0,0,276,1,42261,0,647,64,22
328,12228,1,1,0,0,0,0,152,1,440880,0,845,196,23
329,1554,1,1,0,0,0,0,127,1,2989328,0,1023,33995,3135
330,2774,0,0,0,0,0,0,95,1,1454317,0,3013,15835,1006
331,1587,0,2,0,0,2,0,135,1,2475376,0,347,3773,334
332,329,0,0,0,0,2,0,276,0,382,1,642,0,0
333,329,0,0,0,0,0,2,105,0,91,0,187,0,0
334,329,0,0,0,0,0,2,302,0,157,0,558,0,0
335,329,0,0,0,0,0,2,166,0,88,0,522,0,0
336,329,0,0,0,0,0,1,74,0,464,0,1490,0,0
337,330,0,0,0,0,1,0,199,0,7349,0,2729,0,0
338,330,0,1,0,0,1,0,192,1,5463,0,1146,0,0
339,330,0,0,0,0,0,3,55,0,42,0,38,0,0
340,330,1,0,0,0,0,0,86,0,276,1,339,0,0
341,330,0,0,0,0,6,0,275,0,446,0,551,0,0
342,330,1,0,0,0,0,0,71,0,1178,0,715,0,0
343,330,0,0,0,0,0,0,100,0,717,0,731,0,0
344,2774,1,0,0,0,1,0,100,0,1118,0,1210,10,0
345,2774,0,0,0,0,0,1,98,0,411,0,419,0,0
346,2774,0,0,0,0,0,0,49,0,743,0,1559,0,0
347,2775,0,0,0,0,0,1,71,0,472,0,1117,1,0
348,2775,0,0,0,0,0,1,226,0,375,0,772,0,0
349,2775,0,0,0,0,0,0,125,0,391,0,384,1,0
350,2775,0,0,0,0,0,2,162,0,619,0,1487,0,0
351,2775,0,0,0,0,0,1,251,0,30,0,319,0,0
352,2775,0,0,0,0,0,0,113,0,520,0,295,3,0
353,2775,0,0,0,0,0,1,58,0,94,0,92,0,0
354,2775,1,1,0,0,0,1,140,0,6,0,4,0,0
355,2775,0,1,0,0,1,0,219,0,10680,0,11906,0,0
356,2775,1,0,0,0,0,0,93,0,69,0,107,1,0
357,2775,1,0,0,0,0,3,298,0,60,0,1046,1,0
358,2775,1,0,0,0,0,1,51,0,217,0,266,1,0
359,2775,1,0,0,0,0,0,176,0,321,0,2083,0,0
360,2775,1,0,0,0,0,4,244,0,2,0,64,0,0
361,2775,1,0,0,0,0,0,51,0,140,0,576,0,0
362,2775,0,0,0,0,0,0,95,0,1730,0,4472,1,0
363,2775,0,0,0,0,0,0,89,0,2900,1,304,0,0
364,2776,0,0,0,0,0,0,133,0,869,0,533,1,0
365,2776,1,0,0,0,0,1,41,0,796,0,462,1,0
366,2776,0,0,0,0,0,0,55,0,357,0,233,0,0
367,2776,0,0,0,0,2,0,114,0,137,0,315,0,0
368,2776,1,0,0,0,0,0,104,0,165,0,522,0,0
369,2776,0,0,0,0,0,0,63,0,1243,1,376,1,0
370,2776,0,0,0,0,0,1,158,0,32,0,221,0,0
371,2776,1,0,0,0,0,0,61,0,592,0,588,0,0
372,2776,0,0,0,0,0,0,91,0,1179,1,584,0,0
373,2776,1,0,0,0,0,0,116,0,206,0,1197,0,0
374,2776,0,0,0,0,0,0,76,0,812,0,560,0,0
375,2776,0,0,0,0,0,0,70,0,1312,0,1786,14,0
376,2776,0,0,0,0,0,41,741,0,4075,0,4899,3,1
377,2776,0,0,0,1,0,2,96,0,977,0,806,5,0
378,2776,0,0,0,0,0,0,97,0,1816,0,1644,10,1
379,2776,0,0,0,0,0,2,56,0,346,0,1338,1,0
380,2776,0,0,0,0,0,3,313,0,281,0,280,0,0
381,2776,1,0,0,0,0,0,45,0,33,0,52,6,0
382,2776,0,0,0,0,0,0,89,0,918,0,442,2,0
383,2776,1,0,0,0,0,1,96,0,155,0,668,7,0
384,2776,0,0,0,0,0,0,37,0,1179,0,584,1,0
385,2776,1,0,0,0,0,0,114,0,798,0,985,1,0
386,2776,0,0,0,0,0,0,35,0,399,0,402,1,0
387,2776,1,0,0,0,0,0,65,0,24,0,220,0,0
388,2776,1,0,0,0,0,1,111,0,14,0,211,0,0
389,2776,0,0,0,0,1,0,61,0,414,0,118,0,0
390,2776,1,0,0,0,0,0,67,0,559,0,768,0,0
391,2776,1,0,0,0,0,3,117,0,2,0,52,3,0
392,2776,0,0,0,0,0,0,175,1,3544,0,772,3,0
393,2776,0,0,0,0,0,0,60,0,1630,0,679,1,0
394,2776,1,0,0,0,0,0,44,0,1430,0,1421,0,0
395,2777,0,1,0,0,1,0,87,0,8586,0,2297,14,0
396,2777,0,0,0,0,0,1,38,0,216,0,879,0,0
397,2777,0,0,0,0,0,0,53,0,173,0,202,2,0
398,2777,0,0,0,0,0,3,164,1,5328,0,641,24,1
399,2777,1,0,0,0,0,1,56,0,289,0,400,0,0
400,2777,0,0,0,0,0,0,52,0,592,0,1180,1,0
401,2777,1,0,0,0,0,1,112,0,573,0,1246,1,0
402,2777,0,0,0,0,0,1,59,0,588,0,298,4,0
403,2777,0,0,0,0,0,1,105,0,383,0,416,1,0
404,2777,0,0,0,0,0,0,105,0,1121,0,1815,2,0
405,2777,0,0,0,0,0,0,132,0,1194,0,1021,100,4
406,2777,1,0,0,0,0,2,119,0,1577,0,689,2,0
407,2777,1,0,0,0,0,6,101,0,1221,0,825,1,0
408,2777,0,0,0,0,0,0,108,0,1317,0,663,3,0
409,2777,0,0,0,0,0,0,112,0,33,0,52,1,0
410,2777,1,0,0,0,0,2,94,0,430,0,386,1,0
411,2777,0,0,0,0,2,0,51,0,220,0,466,0,0
412,2777,1,0,0,0,0,1,29,0,30,0,28,0,0
413,2777,1,0,0,0,0,0,76,0,54,0,223,2,0
414,2777,0,0,0,0,0,0,99,0,88,0,319,0,0
415,2777,0,0,0,0,0,0,40,0,9,0,57,0,0
416,2777,1,0,0,0,0,1,116,0,79,0,80,1,0
417,2777,0,0,0,0,0,0,94,0,4957,0,1935,2,0
418,2778,0,0,0,0,0,1,98,0,411,0,419,0,0
419,2778,0,0,0,0,0,3,121,0,934,0,396,2,0
420,2778,0,0,0,0,0,1,164,0,355,0,1482,0,0
421,2778,0,0,0,0,1,0,108,0,599,0,1659,2,0
422,2778,0,0,0,0,0,1,77,0,98,0,116,0,0
423,2778,0,0,0,0,0,1,165,0,85,0,331,0,0
424,2778,0,0,0,0,0,0,52,0,60,0,201,0,0
425,2778,1,0,0,0,2,0,134,0,707,0,513,4,0
426,2778,1,0,0,0,0,0,261,0,795,0,1170,8,0
427,2778,0,0,0,0,0,0,245,0,75,0,188,1,0
428,2778,1,0,0,0,0,1,66,0,602,0,606,1,0
429,2778,0,0,0,0,1,2,54,0,489,0,2346,0,0
430,2778,0,0,0,0,0,1,249,0,180,0,274,2,0
431,2778,1,0,0,0,0,0,134,0,2062,0,825,4,0
432,2778,1,0,0,0,0,0,50,0,115,0,928,0,0
433,2778,1,0,0,0,1,0,66,0,0,0,12,1,0
434,2778,0,0,0,0,0,0,159,0,7480,0,99,1420,58
435,2778,0,0,0,0,0,0,76,0,436,1,776,0,0
436,2778,1,0,0,0,0,0,49,0,706,0,3233,33,0
437,2778,1,0,0,0,0,2,306,0,1446,0,429,1,0
438,2778,0,1,0,0,1,0,219,0,10680,0,11906,0,0
439,2778,0,0,0,0,0,1,74,0,1141,0,1845,1,0
440,2778,0,0,0,0,0,0,65,0,1881,0,114,0,0
441,2778,0,0,0,0,0,0,92,0,319,0,602,0,0
442,2778,1,1,0,0,0,0,214,0,26029,0,2041,63,23
443,2778,0,1,0,0,8,0,242,0,99,0,27,1,0
444,2778,1,0,0,0,0,1,271,0,3757,0,992,5,0
445,2778,1,0,0,0,0,1,112,0,12,0,73,0,0
446,2778,0,0,0,0,2,0,34,0,220,0,466,0,0
447,2778,0,0,0,0,0,2,130,0,1495,0,1687,0,0
448,2778,0,0,0,0,0,2,254,0,25694,0,2117,8,4
449,2778,0,0,0,0,1,0,167,0,24,0,228,0,0
450,2778,0,0,0,0,0,1,89,0,491,0,393,1,0
451,2778,0,0,0,0,0,0,59,0,620,0,1172,0,0
452,2778,0,0,0,0,1,1,24,0,318,0,3229,0,0
453,2778,1,0,0,0,0,0,55,0,30,0,28,0,0
454,2778,1,0,0,1,0,0,40,0,6607,0,1194,44,2
455,2778,0,0,0,0,0,0,157,0,92,0,135,0,0
456,2779,0,0,0,0,0,0,85,0,600,0,639,1,0
457,2779,1,0,0,0,0,3,54,0,35,0,23,0,0
458,2779,0,0,0,0,0,0,79,0,953,0,1046,7,0
459,2779,0,0,0,0,1,0,58,0,2692,0,2469,1,0
460,2779,0,0,0,0,0,0,37,0,1243,0,788,0,0
461,2779,0,0,0,0,0,1,40,0,383,0,416,0,0
462,2779,0,0,0,0,0,0,195,0,1057,0,1260,2,0
463,2779,0,0,0,0,0,1,58,0,4409,0,3926,0,0
464,2779,1,0,0,0,0,1,85,0,297,0,267,1,0
465,2779,1,0,0,0,0,0,112,0,289,0,233,1,0
466,2779,1,0,0,0,0,1,293,0,39,0,238,1,0
467,2779,0,0,0,0,0,1,69,0,373,0,287,3,0
468,2779,0,0,0,0,0,0,173,0,1093,0,269,0,0
469,2779,1,0,0,0,0,2,121,0,35,0,23,14,0
470,2779,0,0,0,0,0,1,158,0,153,0,1043,1,0
471,2779,1,0,0,0,0,0,105,0,7626,0,4098,20,0
472,2779,1,0,0,0,4,0,152,0,1843,0,1560,4,0
473,2779,1,0,0,0,0,0,98,0,145,0,277,0,0
474,2779,0,0,0,0,0,0,50,0,611,0,304,0,0
475,2779,0,0,0,0,0,0,139,0,2214,0,1023,0,0
476,2779,0,0,0,0,0,2,113,0,256,0,182,0,0
477,2779,0,0,0,0,0,0,68,0,751,0,817,0,0
478,2779,1,0,0,0,7,0,169,0,409,1,438,4,0
479,2779,1,0,0,0,0,0,62,0,2990,0,256,3,0
480,2779,0,1,0,0,10,0,292,0,441,0,298,3,0
481,2779,1,0,0,0,2,0,80,0,57,0,306,0,0
482,2779,0,1,0,0,0,0,70,0,10386,0,9480,58,12
483,2779,0,0,0,0,0,0,186,0,214,0,360,0,0
484,2779,1,0,0,0,0,0,36,0,151,0,375,0,0
485,2779,0,0,0,0,2,0,65,0,14,0,21,0,0
486,2779,1,0,0,0,0,1,72,0,0,0,0,0,0
487,2779,0,0,0,0,0,2,60,0,256,0,318,0,0
488,2779,0,0,0,0,0,0,63,0,2586,0,808,0,1
489,2779,0,0,0,0,0,0,137,0,258,0,125,0,0
490,2779,1,0,0,0,0,0,50,0,1096,0,275,0,0
491,2779,1,4,0,0,2,0,303,0,3588,0,2682,9,0
492,2779,0,0,0,0,0,0,85,0,1880,0,1915,6,2
493,2779,0,0,0,0,1,0,37,0,34,0,703,1,0
494,2779,1,0,0,0,0,1,211,0,413,0,1315,1,0
495,2780,1,1,0,0,0,0,200,0,14,0,0,0,0
496,2780,0,0,0,0,0,0,103,0,3689,0,2600,1,0
497,2780,0,0,0,0,1,0,80,0,1467,0,1737,0,0
498,2780,1,0,0,0,0,0,153,0,222,1,300,0,0
499,2780,0,0,0,0,0,1,43,0,132,0,1015,0,0
500,2780,1,0,0,0,0,0,96,0,416,1,126,1,0
501,2780,1,0,0,0,0,0,43,0,222,0,777,0,0
502,2780,1,0,0,0,0,3,93,0,0,0,13,0,0
503,2780,1,0,0,0,0,2,103,0,34,0,170,1,0
504,2780,0,0,0,0,0,0,177,0,523,0,999,14,0
505,2780,0,0,0,0,0,0,115,1,51148,0,2011,131,2
506,2780,0,0,0,0,0,0,119,0,119,0,495,1,0
507,2780,0,0,0,0,0,0,33,0,104,0,332,0,0
508,2780,0,0,0,0,0,0,287,0,131,1,1224,0,0
509,2780,1,1,0,0,0,0,54,0,742,0,205,1,0
510,2780,0,0,0,0,0,0,93,0,62,0,389,0,0
511,2780,0,0,0,0,0,1,93,0,180,0,965,17,0
512,2780,0,0,0,0,0,0,45,0,45,0,177,0,0
513,2780,0,1,0,0,0,0,252,0,1445,0,532,1,0
514,2780,0,0,0,0,0,0,51,0,231,0,225,0,0
515,2780,0,0,0,0,0,3,96,0,2585,0,3304,0,0
516,2780,0,0,0,0,0,2,248,0,1183,0,916,1,0
517,2780,0,0,0,0,0,0,95,0,624,0,336,3,0
518,2780,1,0,0,0,0,0,125,0,594,0,769,2,0
519,2780,0,0,0,0,0,0,36,0,1025,0,1260,1,0
520,2780,0,0,0,0,0,3,119,0,446,0,898,20,0
521,2780,1,0,0,0,0,0,121,0,103,0,152,0,0
522,2780,0,0,0,0,0,1,103,0,4894,0,867,2,0
523,2780,0,0,0,0,0,1,61,0,979,0,797,10,0
524,2780,1,0,0,0,0,0,93,0,56,0,127,0,0
525,2780,0,0,0,0,0,0,68,0,394,0,525,0,0
526,2780,0,0,0,0,0,0,89,0,129,0,300,1,0
527,2780,0,0,0,0,0,1,302,0,836,1,1216,0,1
528,2780,0,0,0,0,0,1,197,0,231,0,635,1,0
529,1723,0,0,0,0,1,0,143,1,553322,0,126,1859,506
530,1873,0,0,0,0,0,0,301,1,795372,1,1820,1296,175
531,2031,0,1,0,0,1,2,306,1,6836,0,1727,252,220
532,1686,0,0,0,0,0,0,276,1,1611453,0,987,591,127
533,785,0,1,0,0,1,0,234,1,115696,0,9258,165,86
534,2026,0,1,0,0,1,0,189,1,58225,0,1065,556,95
535,1598,0,0,0,0,0,0,263,1,193163,0,1387,776,135
536,2036,1,1,0,0,0,0,195,1,4709670,0,20995,92,46
537,698,0,0,0,0,0,1,277,1,8566,0,2513,90,58
538,618,0,0,0,0,0,1,241,1,6500,0,1357,93,48
539,854,0,1,0,0,2,0,291,1,8720,0,910,121,39
540,1815,0,0,0,0,0,0,302,1,795372,1,1820,392,61
541,1683,0,2,0,0,0,1,303,1,1611453,0,987,344,74
542,1752,0,0,0,0,2,0,194,1,29262,1,6188,254,37
543,513,0,0,0,0,0,0,252,1,14115,1,4844,107,39
544,2099,0,0,0,0,1,1,309,1,13876,1,5659,122,16
545,2092,0,0,0,0,1,0,200,1,8419,1,632,35,18
546,2636,0,0,0,0,0,0,138,1,240835,0,1164,273,44
547,2153,0,0,0,0,0,1,207,1,3245517,0,1825,69,24
548,2964,0,0,0,0,0,5,244,1,42451,0,987,57,38
549,2451,0,0,0,0,0,0,276,1,24279,0,2471,21,15
550,3293,0,0,0,0,0,0,299,1,56617,1,1321,102,68
551,8531,0,0,0,0,1,1,301,1,12738684,1,3276,22016,3897
552,3008,0,0,0,0,1,0,256,1,833219,0,148857,91,21
553,2947,0,1,0,0,4,5,160,1,11054,0,549,63,18
554,5689,0,1,0,0,0,1,255,1,3481077,0,24,4792,844
555,4356,0,0,0,0,0,0,305,1,1611453,1,987,4086,1326
556,12127,0,4,0,0,1,1,296,1,29262,0,6188,1727,915
557,5287,0,0,0,0,0,0,194,1,893422,0,578,2404,405
558,10046,0,0,0,0,1,0,245,1,29262,1,6188,409,386
559,12169,0,0,0,0,0,0,185,1,5814,1,1795,162,76
560,12145,0,1,0,0,0,0,303,1,14244,0,2001,35,27
561,1723,0,0,0,0,1,0,143,1,553322,0,126,1859,506
562,1873,0,0,0,0,0,0,301,1,795372,1,1820,1296,175
563,2031,0,1,0,0,1,2,306,1,6836,0,1727,252,220
564,329,0,0,0,0,0,2,309,0,181,0,319,0,0
565,329,0,0,0,0,0,0,83,1,1119,0,1064,0,0
566,329,0,0,0,0,0,0,64,0,246,0,264,0,0
567,329,0,0,0,0,0,0,76,0,1852,1,1430,0,0
568,329,1,0,0,1,0,0,169,0,1016,0,7,0,0
569,329,0,0,0,0,0,0,280,0,9643,0,2418,0,0
570,330,1,0,0,0,0,0,135,0,833,0,1549,0,0
571,330,0,0,0,0,0,0,158,0,15115,0,16547,0,0
572,330,0,0,0,0,3,5,268,0,4021,0,451,0,0
573,330,0,0,0,0,0,1,47,0,577,0,376,0,0
574,330,0,0,1,0,0,0,44,0,652,0,588,0,0
575,330,1,0,0,0,0,2,135,0,2,0,4,0,0
576,2031,0,0,0,0,0,1,266,0,87,0,758,2,0
577,2031,0,1,0,0,3,0,177,0,203,0,494,13,9
578,2031,1,0,0,0,0,0,21,0,9,0,1,0,0
579,2031,1,0,0,0,2,3,231,0,7,0,71,0,0
580,2032,1,0,0,0,0,8,372,0,33,0,102,1,0
581,2032,0,0,0,1,0,1,212,0,1249,0,1695,7,0
582,2032,0,0,0,0,0,0,98,0,1469,0,266,3,0
583,2032,1,0,0,0,0,0,45,0,342,1,493,1,0
584,2032,1,0,0,0,0,1,249,0,2,0,0,0,0
585,2033,0,0,0,0,0,0,99,0,539,1,474,3,0
586,2033,0,0,0,0,0,0,282,0,563,1,639,5,0
587,2033,0,0,0,0,0,0,29,0,728,0,484,1,0
588,2033,0,2,0,0,0,5,342,0,19,0,406,0,0
589,2033,0,0,0,0,0,2,101,0,14,0,35,0,0
590,2034,0,0,0,0,11,0,259,0,826,0,1909,2,0
591,2035,0,1,0,0,0,0,195,0,365,0,589,0,0
592,2035,0,0,0,0,0,4,301,0,1088,0,1446,0,0
593,2035,1,0,0,0,0,4,246,1,41077,0,1603,3,0
594,2035,0,0,0,0,0,0,299,1,12362,1,3842,45,2
595,2035,0,0,0,0,0,2,311,0,680,0,2002,0,0
596,2036,1,1,0,0,0,0,195,1,4709670,0,20995,92,46
597,2036,0,0,0,0,0,1,290,0,65,0,120,29,1
598,2036,1,0,0,0,0,1,267,0,9,0,11,1,0
599,2036,0,0,0,0,0,4,338,0,188,0,280,0,0
600,2037,0,0,0,0,0,0,109,0,1079,0,1258,0,0
601,2037,0,0,0,0,0,1,103,0,68,0,220,0,0
602,2037,1,0,0,0,0,5,126,0,8,0,14,9,0
603,2037,0,1,0,0,0,0,117,0,5925,1,3962,1,0
604,2037,0,0,0,0,2,0,295,0,505,1,134,5,0
605,2037,1,0,0,0,0,1,127,0,7,0,1,0,0
606,2038,0,0,0,0,2,0,243,0,529,1,581,3,0
607,2038,0,1,0,0,0,1,304,0,65,0,120,82,27
608,2038,0,0,0,0,0,0,128,0,1128,0,833,11,0
609,2038,1,0,0,0,4,1,96,0,55,0,188,2,0
610,2038,0,0,0,0,0,0,138,0,735,0,714,5,0
611,2038,0,0,0,0,0,1,292,0,320,0,153,0,0
612,2038,1,0,0,0,0,4,299,0,1,0,155,0,0
613,2039,0,0,0,0,0,2,296,0,747,0,2080,0,0
614,2039,0,0,0,0,4,1,273,0,612,0,815,2,0
615,2039,0,0,0,0,0,0,17,0,139,0,157,1,0
616,2039,1,0,0,0,0,3,293,0,223,0,1276,1,0
617,2039,0,0,0,0,0,0,304,0,54,1,56,4,0
618,2040,0,1,0,0,2,3,220,0,2983,0,99,1,1
619,2040,0,0,0,0,1,1,116,0,816,0,1729,0,0
620,2040,0,0,0,0,0,2,187,0,57,0,682,0,0
621,2041,0,0,0,0,0,1,84,0,431,0,3964,0,0
622,2041,0,0,0,0,1,0,75,0,134,0,255,0,0
623,2041,0,1,0,0,11,0,187,0,257,0,548,2,0
624,2041,1,0,0,0,0,5,341,0,367,0,666,2,0
625,2041,0,0,0,0,1,1,296,0,49,0,58,0,0
626,2041,1,0,0,0,0,0,64,1,346094,0,1409,1,0
627,2041,0,0,0,0,0,0,78,0,519,0,472,3,0
628,2042,0,1,0,0,0,0,301,0,566,0,110,7,4
629,2042,0,0,0,0,0,0,86,0,211,0,620,2,0
630,2042,0,0,0,0,0,1,296,0,13,0,29,1,0
631,2042,0,0,0,0,0,5,309,0,747,0,2080,0,0
632,2042,0,0,0,0,0,0,79,0,277,0,284,0,0
633,2042,0,0,0,0,0,0,238,0,32707,0,978,0,0
634,2043,1,0,0,0,0,1,127,0,7,0,1,0,0
635,2043,0,0,0,0,0,1,293,0,320,0,153,0,0
636,2043,0,0,0,0,0,3,188,0,1701,0,2875,0,0
637,2043,1,0,0,0,0,1,152,0,468,0,1155,0,0
638,2043,1,0,0,0,0,0,46,0,11,0,21,2,0
639,2044,0,0,0,0,0,0,226,0,40,1,43,0,0
640,2044,1,1,0,0,12,0,182,0,28,0,136,0,0
641,2044,1,0,0,0,0,1,116,0,281,0,109,0,0
642,2044,0,0,0,0,0,0,101,0,777,0,558,0,0
643,2044,1,1,0,0,9,1,258,0,589,0,621,1,0
644,2044,0,0,0,0,0,0,126,0,517,0,633,4,0
645,2044,0,0,0,0,0,0,204,0,988,0,2167,1,0
646,2044,0,0,0,0,0,0,14,0,472,0,475,0,0
647,2045,0,0,0,0,0,0,135,1,47368,0,5074,16,2
648,2045,0,0,0,0,0,1,283,0,321,0,379,0,0
649,2045,0,0,0,0,0,0,43,0,1128,0,868,3,0
650,2046,1,0,0,0,0,2,250,0,10,0,29,0,0
651,2046,0,0,0,0,0,1,31,0,1367,0,1552,0,0
652,2046,0,0,0,0,1,0,148,0,2860,0,314,1,0
653,2046,1,0,0,0,2,0,56,0,23,0,14,1,1
654,2046,0,0,0,0,2,1,224,0,8685,0,2420,19,15
655,2046,1,1,0,0,16,0,300,0,142,0,218,5,0
656,2046,0,0,0,0,0,0,46,0,121,1,170,0,0
657,2046,1,3,0,0,7,0,210,0,762,0,1239,0,0
658,2046,0,0,0,0,0,5,345,0,747,0,2080,0,0
659,2047,0,0,0,0,0,1,236,0,743,0,257,0,0
660,2047,0,0,0,0,0,3,93,0,17,0,37,0,0
661,2047,0,1,0,0,1,3,314,1,93131,0,3862,32,7
662,2047,0,0,0,0,1,1,188,0,8395,0,4027,5,2
663,2047,0,2,0,0,2,3,304,0,930,0,1634,4,0
664,2048,0,0,0,0,0,0,165,0,562,0,601,0,0
665,2048,0,0,0,0,0,1,230,0,46,0,68,7,0
666,2048,0,0,0,0,0,1,264,0,3124,0,2068,29,0
667,2048,0,1,0,0,2,4,292,0,3884,0,1870,4,3
668,2048,1,0,0,0,0,1,143,0,39,0,134,0,0
669,2048,0,0,1,0,6,0,143,0,5,0,6,1,1
670,2049,1,0,0,0,0,4,330,0,223,0,1276,1,0
671,2049,0,0,0,0,2,1,221,0,8685,0,2420,0,0
672,2049,0,0,0,0,0,1,241,0,1010,0,685,2,0
673,2049,0,0,0,0,0,1,88,0,393,0,530,0,0
674,2049,0,0,1,0,7,0,154,0,5,0,6,0,0
675,2049,0,0,0,0,2,2,270,0,747,0,2080,0,0
676,2049,0,0,0,0,0,2,184,0,283,0,385,0,0
677,2049,0,0,1,0,7,0,154,0,5,0,6,0,0
678,2050,0,0,0,0,0,0,144,1,2059,0,151,0,1
679,2050,0,0,0,0,1,1,172,0,2627,0,538,2,0
680,2050,0,0,0,0,0,1,226,0,972,0,950,1,0
681,2050,0,1,0,0,3,1,188,0,3884,0,1870,4,2
682,2050,0,0,0,0,0,0,104,0,87,1,385,3,1
683,2050,0,0,0,0,0,0,16,0,530,0,2,0,0
684,2050,0,0,0,0,0,4,269,0,10,0,140,1,0
685,2050,0,0,0,0,0,0,71,0,356,0,1354,0,0
686,2050,0,0,0,0,0,0,214,1,3154,1,987,37,1
687,2051,0,0,0,0,0,1,52,0,128,0,193,0,0
688,2051,0,0,0,0,0,1,77,0,1390,0,2140,0,0
689,2052,0,1,0,0,8,0,237,0,169,0,61,0,0
690,2052,1,0,0,0,0,1,86,0,15,0,90,0,0
691,2052,0,2,0,0,4,0,78,0,524,0,21,31,1
692,2052,0,0,0,0,0,0,137,0,115,0,461,2,0
693,2052,0,0,0,0,0,1,101,0,126,0,119,1,0
694,2052,1,0,0,0,0,4,308,0,2250,0,2339,3,0
695,2052,1,0,0,0,0,0,275,0,2250,1,2339,9,0
696,2053,0,1,0,0,0,1,129,0,1169,0,1906,2,0
697,2053,0,0,0,0,0,1,201,0,972,0,950,1,0
698,2053,0,0,0,0,0,0,277,0,25068,0,7601,1,0
699,2053,0,0,0,0,0,0,287,0,3407,1,1432,11,3
700,2053,0,0,0,0,0,2,187,0,747,0,2080,1,0
701,2054,1,0,0,0,5,0,160,0,382,0,584,1,0
702,2054,1,0,0,0,1,6,253,0,165,0,366,0,0
703,2054,1,0,0,0,0,0,170,0,1915,1,287,18,1
704,2054,0,2,0,0,6,0,111,0,797,0,355,20,2
705,2055,0,0,0,0,0,0,96,0,132586,0,3133,23,4
706,2055,1,0,0,0,0,5,246,0,107,0,297,0,0
707,2055,0,1,0,0,0,1,206,0,264,0,619,7,0
708,2055,1,0,0,0,0,1,142,0,1059,0,1087,1,0
709,2055,0,0,0,0,0,0,124,0,794,0,1913,0,0
710,2056,0,0,0,0,0,2,302,0,272,0,414,0,0
711,2056,0,0,0,0,0,0,92,0,61,1,92,1,0
712,2056,0,1,0,0,0,4,358,0,381,0,570,2,0
713,2057,0,1,0,0,3,0,93,0,14,0,44,4,0
714,2057,0,0,0,0,1,0,173,0,1639,0,1214,6,1
715,2057,1,0,0,0,0,2,277,0,4,0,224,0,0
716,2057,0,0,0,0,7,1,278,0,223,0,223,1,0
717,2058,0,0,0,1,6,0,173,0,873,0,448,1,1
718,2058,0,0,0,0,0,1,52,0,61,0,92,0,0
719,2058,0,0,0,0,0,2,98,0,7032,0,6485,2,0
720,2058,0,0,0,0,0,1,174,0,46,0,86,0,0
721,2059,0,0,0,0,1,0,162,1,22977,0,569,6,5
722,2059,0,0,0,0,0,0,82,0,201,0,38,0,0
723,2060,0,0,0,0,0,0,116,0,1011,0,671,17,2
724,2060,0,0,0,0,0,1,155,0,22,0,69,0,0
725,2060,0,0,0,0,0,2,117,0,843,0,919,0,0
726,2060,0,0,0,0,2,0,47,1,3955,1,89,18,4
727,2060,1,0,0,0,0,1,277,0,38,0,67,0,0
728,2060,0,4,0,0,0,0,303,0,104,0,148,1,0
729,2061,0,0,0,0,0,1,43,0,576,0,323,1,0
730,2061,0,0,0,0,6,0,270,0,169,0,287,0,0
731,2061,0,0,0,0,0,1,150,0,5,0,84,0,0
732,2062,0,0,0,0,1,23,470,0,8922,0,5462,4,2
733,2062,0,0,0,0,0,1,188,0,2287,0,2038,2,0
734,2062,0,0,0,0,0,1,54,0,20,0,46,0,0
735,2062,1,0,0,0,0,2,258,0,20,0,65,2,0
736,2062,0,0,0,0,0,1,103,0,68,0,220,0,0
737,2062,0,0,0,0,0,2,101,0,45,0,122,1,0
738,2063,0,0,0,0,0,0,84,0,1457,0,673,6,0
739,2063,0,0,0,0,0,4,334,0,10,0,140,1,0
740,2063,1,1,0,0,2,0,304,0,3167,0,350,46,24
741,2063,0,0,0,0,2,0,218,0,21321,0,1842,2,3
742,2064,0,0,0,0,0,3,147,0,11,0,75,11,0
743,2064,0,0,0,0,0,1,205,0,284,0,323,3,0
744,2064,1,0,0,0,2,1,179,0,35,0,115,1,0
745,2064,0,0,0,0,0,0,114,0,511,0,848,1,0
746,2064,1,0,0,0,0,1,52,0,321,0,453,1,0
747,2065,0,0,0,0,0,0,59,0,3020,0,862,1,1
748,2065,1,0,0,0,0,1,77,0,66,0,241,0,0
749,2065,0,0,0,0,0,2,43,0,1182,0,1643,0,0
750,2065,1,0,0,0,0,4,90,0,64,0,193,0,0
751,2065,0,0,0,0,0,0,59,0,167,0,302,0,0
752,2065,0,0,0,0,2,0,160,0,550,1,488,2,0
753,2065,1,0,0,0,0,1,134,0,35,0,115,1,0
754,2066,0,0,0,0,0,0,121,1,240835,0,1164,6,2
755,2066,0,0,0,0,0,0,89,0,333,0,1373,0,0
756,2066,1,0,0,0,0,0,222,0,554,0,439,20,7
757,2066,1,0,0,0,0,1,227,0,2336,0,1359,1,0
758,2067,0,0,0,0,0,4,174,0,1088,0,1446,0,0
759,2067,0,0,0,0,0,0,30,0,511,0,848,6,0
760,2067,0,0,0,1,0,0,134,0,166,0,250,2,0
761,2452,1,0,0,0,1,1,259,1,5406115,0,13,49639,7253
762,1348,0,0,0,0,0,0,279,1,4734704,0,1635,33655,3973
763,1176,0,0,0,0,0,0,209,1,1234990,0,477,22071,3033
764,1175,1,1,0,0,0,0,155,1,12826,0,403,4920,869
765,913,1,0,1,0,1,0,69,1,33507513,0,1825,12082,2831
766,909,1,0,1,0,1,1,83,1,37653299,0,732,7557,1109
767,2300,1,2,0,0,0,1,72,1,36950907,0,358,25933,1433
768,2399,1,1,0,0,3,1,125,1,33507513,0,1825,14177,2685
769,1284,1,1,0,0,0,1,170,1,9751211,0,698,8858,796
770,2346,1,2,0,0,2,0,68,1,33507513,0,1825,8490,739
771,1456,1,4,0,0,0,1,165,1,9751211,0,698,3363,328
772,2326,1,1,0,0,0,0,140,1,37653299,0,732,15444,1084
773,1143,0,0,0,0,0,0,187,1,409823,0,2064,10054,1357
774,1173,1,2,0,0,0,0,59,1,9751211,0,698,11824,1301
775,2665,0,0,1,0,0,0,93,1,154165,0,3567,3250,468
776,2674,0,0,0,0,0,0,89,1,49763,1,2829,5497,1342
777,3031,1,0,1,0,0,1,175,1,36950907,0,358,19834,2479
778,2458,1,0,1,0,1,0,102,1,33507507,0,1825,3440,588
779,2678,1,2,0,0,1,0,89,1,33507507,0,1825,3628,368
780,2634,1,1,0,0,2,4,157,1,50159,0,1232,4110,288
781,2495,1,0,1,0,0,0,71,1,33507507,0,1825,2961,291
782,2453,1,0,0,0,1,0,136,1,24297,0,325,1787,212
783,3016,0,1,0,0,0,0,199,1,942119,0,5039,3015,442
784,2690,0,0,0,0,0,0,144,1,443081,0,1012,1559,81
785,2851,0,0,1,0,0,0,144,1,7027459,0,696,2963,268
786,3126,0,0,1,0,0,0,270,1,942119,0,5039,2675,423
787,3068,1,0,1,0,1,2,178,1,33507513,0,1825,2169,207
788,3032,0,0,1,0,2,1,274,1,989696,0,11606,644,135
789,3236,1,0,1,0,0,1,171,1,90548,0,2202,1971,437
790,3120,0,4,0,0,0,1,78,1,807354,0,256,1502,243
791,3038,1,1,0,0,2,3,228,1,130934,0,1296,371,104
792,3096,1,1,0,0,1,2,260,1,33507513,0,1825,1355,155
793,3128,1,1,0,0,1,0,185,1,33507513,0,1825,1145,171
794,9906,0,0,0,0,0,2,103,1,1234990,0,477,81848,16072
795,3218,0,0,1,0,1,1,133,1,5291034,0,823,1793,244
796,7505,1,1,0,0,0,0,207,1,37653300,0,732,47943,5827
797,9831,1,1,0,0,0,1,96,1,37653300,0,732,94057,9581
798,5094,1,0,1,0,0,1,105,1,9751211,0,698,45368,3680
799,11226,0,0,0,0,0,0,72,1,1234990,0,477,31033,3978
800,11225,0,1,0,0,0,0,135,1,2302290,0,240,24427,4816
801,11723,1,2,0,0,0,0,95,1,3864050,0,684,17892,2056
802,10216,1,1,0,0,0,0,128,1,36950907,0,358,37297,4672
803,11923,0,0,1,0,0,0,262,1,942119,0,5039,10538,3373
804,9910,1,2,0,0,0,0,143,1,3864050,0,684,16853,2833
805,10941,0,0,0,0,0,1,187,1,409823,0,2064,6226,598
806,11507,0,1,0,0,0,0,95,1,7027459,0,696,21385,2536
807,11182,1,0,1,0,0,1,54,1,37653299,0,732,7589,968
808,9929,1,2,0,0,1,6,164,1,1423338,0,961,8393,1593
809,11498,1,0,1,0,1,1,223,1,33507514,0,1825,3792,674
810,11787,1,1,0,0,2,1,171,1,1506756,0,57,6990,1288
811,11219,1,1,0,0,2,1,115,1,33507514,0,1825,8389,1075
812,11798,0,1,0,0,0,0,145,1,1723378,0,52,4496,813
813,10297,0,0,1,0,0,1,161,1,6774355,0,912,3872,446
814,12166,0,0,0,0,0,2,245,1,868163,0,551,4238,563
815,12036,0,0,0,0,0,0,125,1,773899,0,7492,357,81
816,12198,0,0,0,0,0,0,259,1,923387,0,518,188,81
817,12113,0,0,0,0,0,1,280,1,71757,0,8512,318,102
818,12130,0,0,0,0,2,0,177,1,8834587,0,79,361,31
819,12158,0,0,0,0,2,0,137,1,8834587,0,79,496,34
820,11947,0,0,0,0,0,0,136,1,15932,0,1163,17,4
821,2452,1,0,0,0,1,1,259,1,5406115,0,13,49639,7253
822,1348,0,0,0,0,0,0,279,1,4734704,0,1635,33655,3973
823,1176,0,0,0,0,0,0,209,1,1234990,0,477,22071,3033
824,328,0,0,0,0,0,0,97,0,779,0,530,0,0
825,328,0,1,0,0,0,1,84,0,152,0,1426,0,0
826,329,1,0,0,0,0,0,50,0,107,1,600,0,0
827,329,0,1,0,0,4,4,237,1,88671,0,1174,0,0
828,329,0,0,0,0,0,8,256,0,200,0,1242,0,0
829,329,1,0,0,0,0,1,49,0,43,0,131,0,0
830,329,1,0,0,0,0,1,206,0,11,0,68,0,0
831,329,1,0,0,0,0,5,194,0,34,0,283,0,0
832,329,0,0,0,0,0,1,86,0,9,0,82,0,0
833,329,1,0,0,0,0,2,32,0,2,0,56,0,0
834,329,0,0,0,0,0,1,171,0,290,0,499,0,0
835,329,0,0,0,0,0,1,103,0,12248,0,1066,0,0
836,2452,0,0,0,0,0,0,50,0,670,0,221,0,0
837,2452,0,0,0,0,0,0,146,0,201,0,133,2,0
838,2452,1,0,0,0,0,0,89,0,352,0,534,2,0
839,2452,1,0,0,0,0,0,33,0,4713,0,824,0,0
840,2452,0,0,0,0,0,0,77,0,545,0,1091,1,0
841,2452,1,0,0,0,0,0,31,0,107,0,349,0,0
842,2452,1,0,0,0,0,0,13,0,176,0,334,2,0
843,2452,0,0,0,0,1,0,123,0,1080,0,1258,2,0
844,2452,0,0,0,0,0,0,29,0,465,0,440,1,0
845,2452,1,0,0,1,4,2,147,0,21,0,194,1,0
846,2452,0,0,0,0,0,1,147,0,427,0,4183,2,0
847,2452,0,0,0,0,0,1,41,0,270,0,215,2,1
848,2452,0,0,0,0,0,0,78,0,28,0,53,1,0
849,2452,0,0,0,0,0,0,39,0,870,0,1371,0,0
850,2452,0,0,0,0,0,1,52,0,112,0,453,0,0
851,2452,0,0,0,0,0,1,55,0,112,0,619,2,0
852,2452,0,0,0,0,0,1,24,0,1710,0,1892,0,0
853,2452,0,0,0,0,0,1,89,0,0,0,37,28,0
854,2452,1,0,0,0,2,0,129,0,452,0,428,1,0
855,2452,1,0,0,0,1,0,12,0,244,0,388,1,0
856,2452,1,0,0,0,3,0,109,0,5,0,43,1,0
857,2452,0,0,0,0,0,1,46,0,56,0,143,1,0
858,2452,0,0,0,0,0,0,59,0,87,0,576,0,0
859,2452,1,0,0,0,0,2,39,0,0,0,474,0,0
860,2452,1,0,0,0,0,0,26,0,18,0,19,0,0
861,2452,1,0,0,0,0,1,11,0,58,0,3423,0,0
862,2452,1,0,0,0,0,2,141,0,71,0,95,1,0
863,2452,1,0,0,0,0,3,88,0,127,0,518,0,0
864,2452,0,0,0,0,0,1,72,0,126,0,773,0,0
865,2452,0,0,0,0,0,1,41,0,21,0,115,0,0
866,2452,1,0,0,0,0,0,106,0,180,0,495,0,0
867,2452,0,0,0,0,0,0,118,0,315,0,69,3,1
868,2452,1,0,0,0,0,0,56,0,988,0,587,1,0
869,2452,0,0,0,0,0,1,9,0,146,0,308,0,0
870,2452,0,0,0,0,0,0,108,0,420,1,378,4,2
871,2452,1,0,0,0,0,1,43,0,1,0,0,1,0
872,2452,1,0,0,0,0,1,39,0,463,0,4116,0,0
873,2452,1,0,0,0,1,0,37,0,36,0,46,0,0
874,2452,0,0,0,0,3,0,84,0,844,0,1814,1,0
875,2452,0,0,0,0,0,1,44,0,1069,0,527,1,0
876,2452,0,0,0,0,0,4,130,0,8,0,119,0,0
877,2452,0,0,0,0,0,1,49,0,224,1,288,1,0
878,2452,0,0,0,0,0,0,55,0,601,0,576,0,0
879,2452,0,0,0,0,0,0,59,0,44,0,583,0,0
880,2452,1,0,0,0,0,1,83,0,70,0,574,1,0
881,2452,1,0,0,0,1,1,236,0,351,0,655,2,0
882,2453,0,0,0,0,0,0,14,0,1434,0,761,1,0
883,2453,1,0,0,0,0,0,112,0,87,0,243,0,0
884,2453,0,0,0,0,0,0,166,0,706,1,1712,0,0
885,2453,1,0,0,0,0,0,94,0,12,0,27,0,0
886,2453,0,0,0,0,0,0,74,0,4374,0,4978,2,0
887,2453,0,0,0,0,0,2,108,0,6624,1,4940,0,0
888,2453,0,0,0,0,0,1,44,0,138,0,844,0,0
889,2453,0,0,0,0,1,0,82,0,419,0,1986,0,0
890,2453,0,1,0,0,1,0,56,0,1324,0,856,4,0
891,2453,0,0,0,0,0,0,280,0,1398,0,1379,1,1
892,2453,0,0,0,0,0,0,12,0,307,0,383,0,0
893,2453,0,0,0,1,1,1,107,0,189,0,404,0,0
894,2453,0,0,0,0,0,0,59,0,2050,0,707,28,1
895,2453,0,0,0,0,0,1,26,0,166,0,234,0,0
896,2453,1,0,0,0,1,0,81,0,0,0,3,0,0
897,2453,1,0,0,0,0,0,93,0,9,0,263,0,0
898,2453,0,0,0,0,2,0,37,0,1640,0,1507,0,0
899,2453,1,0,0,0,0,0,80,0,134,1,116,1,0
900,2453,0,0,0,1,0,1,253,0,454,1,765,3,0
901,2453,0,0,0,0,0,1,73,0,49,0,343,9,0
902,2453,0,0,0,0,0,0,25,0,1115,0,759,3,0
903,2453,0,0,0,0,2,0,182,0,5649,0,786,1,0
904,2453,1,0,0,0,1,2,89,0,177,0,244,4,1
905,2453,0,0,0,0,0,0,41,0,921,0,314,0,0
906,2453,1,0,0,0,0,2,62,0,1048,0,2292,1,0
907,2453,0,0,0,0,0,1,123,0,133,0,215,2,0
908,2453,0,0,0,0,0,8,115,0,147,0,529,1,0
909,2453,1,0,0,0,1,0,51,0,19,0,238,0,0
910,2453,1,0,0,0,0,0,62,0,43,1,58,1,1
911,2453,1,0,0,0,0,0,18,0,6024,0,909,94,4
912,2453,0,0,0,0,0,0,49,0,167,0,377,1,0
913,2453,0,0,0,0,0,1,115,0,66,0,323,0,0
914,2453,0,0,0,0,0,0,35,0,147,0,418,0,0
915,2453,0,0,0,0,0,1,39,0,50,0,108,2,0
916,2453,1,0,0,0,0,0,13,0,5854,0,626,12,0
917,2453,1,0,0,0,0,1,71,0,33,0,282,0,0
918,2453,0,0,0,0,0,1,48,0,186,0,204,1,0
919,2453,1,0,0,0,0,0,51,0,585,0,491,14,1
920,2453,1,0,0,0,2,0,100,0,231,0,292,0,0
921,2453,0,0,0,0,0,1,52,0,6822,0,81,11,3
922,2453,1,1,0,0,0,0,149,0,462,0,578,0,0
923,2453,0,0,0,0,0,1,38,0,338,0,331,0,0
924,2453,1,0,0,0,0,1,26,0,19,0,88,0,0
925,2453,1,0,0,0,0,0,109,0,1607,1,575,4,0
926,2453,1,0,0,0,1,0,114,0,16,0,62,2,0
927,2453,0,0,0,0,0,0,30,0,48,0,88,0,0
928,2453,0,0,0,0,0,0,28,0,435,0,406,0,0
929,2453,0,0,0,0,0,0,36,0,202,0,617,0,0
930,2453,0,0,0,0,0,0,31,0,8,0,122,2,1
931,2453,0,0,0,0,0,0,39,0,271,0,937,0,0
932,2453,0,0,0,0,0,0,11,0,824,0,757,1,1
933,2453,0,0,0,0,0,2,43,0,688,0,4099,1,0
934,2453,0,0,0,0,0,0,33,0,1448,0,1516,0,0
935,2453,0,0,0,0,0,1,67,0,566,0,261,1,0
936,2453,1,0,0,0,0,1,38,0,309,0,933,1,0
937,2453,0,0,0,0,0,0,59,0,2312,1,2019,0,0
938,2453,1,0,0,0,0,1,35,0,91,0,110,0,0
939,2453,0,0,0,0,0,1,30,0,320,0,621,0,0
940,2453,1,0,0,0,0,0,101,0,1,0,19,1,0
941,2453,0,0,0,0,0,0,280,0,461,0,2693,2,0
942,2453,1,0,0,0,0,1,72,0,275,0,1091,3,1
943,2453,1,0,0,0,0,0,91,0,192,0,252,0,0
944,2453,0,0,0,0,0,2,55,0,158,0,2280,1,0
945,2453,0,0,0,0,0,1,61,0,62,0,1014,0,0
946,2453,1,0,0,0,0,1,61,0,160,0,199,0,0
947,2453,1,0,0,0,0,0,29,0,14704,0,13324,0,0
948,2453,0,0,0,0,1,2,58,0,267,0,719,0,0
949,2453,0,0,0,0,0,0,16,0,400,0,398,0,0
950,2453,0,0,0,0,3,0,76,0,114,0,267,0,0
951,2453,0,0,0,0,0,1,41,0,1565,1,1535,15,0
952,2453,0,0,0,0,0,0,83,0,571,0,636,6,1
953,2453,0,0,0,0,0,1,29,0,851,0,640,0,0
954,2453,0,0,0,0,0,0,130,0,676,0,544,2,0
955,2453,0,0,0,0,1,0,52,0,1775,0,2959,3,0
956,2453,0,0,0,0,0,0,110,0,668,0,1355,0,0
957,2453,0,0,0,0,0,1,97,0,141,0,818,0,0
958,2453,0,0,0,0,0,0,49,0,2955,0,926,1,1
959,2453,0,0,0,0,3,0,227,0,8310,0,8264,10,0
960,2453,0,0,0,0,0,0,176,0,4936,0,4139,21,1
961,2453,0,0,0,0,0,0,98,0,1637,0,2670,10,0
962,2453,0,0,0,0,0,2,28,1,26153,0,178,19,0
963,2453,0,0,0,0,0,0,76,0,356,0,313,0,0
964,2453,0,0,0,0,0,1,47,0,241,0,884,2,0
965,2453,0,0,0,0,0,2,89,0,42,0,158,0,0
966,2453,0,1,0,0,2,1,210,0,59934,0,65860,0,1
967,2453,0,0,0,0,0,0,63,0,941,0,561,0,0
968,2453,0,0,0,0,0,1,59,0,324,0,265,0,0
969,2453,0,0,0,0,1,0,66,0,0,0,12,0,0
970,2453,0,0,0,0,1,0,49,0,202,0,221,0,0
971,2453,1,0,0,0,0,1,32,0,176,0,357,0,0
972,2453,1,0,0,0,0,1,192,0,971,0,620,13,0
973,2453,0,0,0,0,1,0,163,0,0,0,14,1,0
974,2453,0,0,0,0,0,0,26,0,6,0,183,0,0
975,2453,0,0,0,0,0,1,20,0,478,0,3022,0,0
976,2453,0,0,0,0,0,0,257,0,317,0,711,3,0
977,2453,0,0,0,0,0,0,155,0,239,0,249,3,0
978,2453,0,0,0,0,0,0,44,0,263,0,393,0,0
979,2453,0,0,0,0,0,1,105,1,10481,0,187,0,0
980,2453,0,0,0,0,0,0,146,0,680,1,512,1,1
981,2453,0,0,0,0,0,0,166,0,1188,0,998,17,0
982,2453,0,0,0,0,0,1,22,0,3,0,46,0,0
983,2453,0,0,0,0,0,0,17,0,2117,0,862,7,1
984,2453,1,0,0,0,0,0,13,0,264,0,722,1,0
985,2453,0,0,0,0,2,0,52,0,633,0,1391,0,0
986,2453,0,0,0,0,0,1,114,0,518,0,479,0,0
987,2453,1,0,0,0,0,1,67,0,161,0,206,1,0
988,2453,0,0,0,0,0,2,47,0,131,0,380,5,0
989,2453,0,0,0,0,0,1,65,0,132,1,267,0,0
990,2453,0,0,0,0,2,0,47,0,234,0,1175,0,0
991,2453,0,0,0,0,3,1,92,0,1538,0,3758,0,0
992,2453,1,0,0,0,0,0,26,0,354,0,670,2,0
993,2453,1,0,0,0,0,1,20,0,71,0,609,0,0
994,2453,0,0,0,0,0,1,22,0,691,0,1069,0,0
995,2453,1,0,0,0,0,0,62,0,95,1,82,0,0
996,2453,1,0,0,0,0,1,69,0,1334,0,1141,0,0
997,2453,0,0,0,0,0,0,29,0,662,0,470,0,0
998,2453,0,0,0,0,0,0,159,0,866,0,750,0,0
999,2453,0,0,0,0,0,0,100,0,416,0,330,1,0
1000,2453,0,0,0,0,0,1,69,0,415,0,743,0,0
1001,2453,1,0,0,0,0,1,38,0,184,0,102,0,0
1002,2453,0,0,0,0,0,1,94,0,47,0,160,1,0
1003,2453,0,0,0,0,0,0,35,0,170,0,244,2,0
1004,2453,1,0,0,0,0,2,74,0,14,0,26,0,0
1005,2453,1,0,0,0,0,0,27,0,132,0,84,2,0
1006,2453,0,0,0,0,0,1,52,0,237,0,219,0,0
1007,2453,0,0,0,0,0,1,140,0,1587,0,4904,0,0
1008,2453,0,0,0,0,0,0,124,0,288,0,235,0,0
1009,2453,1,0,0,0,0,0,78,0,342,0,382,1,0
1010,2453,0,0,0,0,0,1,62,0,3274,0,1034,5,0
1011,2453,1,0,0,0,1,0,92,0,2338,0,227,61,36
1012,2453,0,0,0,0,0,4,48,0,22,0,288,0,0
1013,2453,0,0,0,0,0,0,32,0,1779,0,618,0,0
1014,2453,0,0,0,0,0,0,67,0,88,0,518,0,0
1015,2453,0,0,0,0,0,1,49,0,2280,0,1740,4,1
1016,2453,0,0,0,0,0,0,49,0,162,0,553,0,0
1017,2453,0,0,0,0,0,0,25,0,931,0,2122,5,0
1018,2453,0,0,0,0,0,1,141,0,6,0,39,0,0
1019,2453,0,0,0,0,0,1,77,0,1599,0,704,1,1
1020,2453,0,0,0,0,0,1,25,0,791,0,2562,0,0
1021,1679,0,0,0,0,1,3,275,1,4991023,0,2558,3101,499
1022,1970,0,1,0,0,0,0,245,1,5742,0,734,2136,501
1023,2301,0,0,0,0,0,0,280,1,128118,0,32,4425,520
1024,1067,0,0,0,0,0,0,290,1,256361,1,1993,403,183
1025,1615,0,0,0,0,0,0,272,1,113748,0,382,517,217
1026,3103,0,0,0,0,1,0,170,1,170463,0,1768,6538,1067
1027,1237,0,1,0,0,0,0,280,1,89286,0,330,1279,185
1028,1301,0,0,0,0,0,0,271,1,416303,0,931,1686,237
1029,2114,0,0,0,0,0,0,277,1,293330,0,7154,1032,451
1030,1645,0,0,0,0,0,0,273,1,119748,1,3940,205,70
1031,2329,0,3,0,0,7,1,171,1,235137,0,233,501,171
1032,904,0,0,0,0,0,0,283,1,124386,0,1001,513,80
1033,2076,1,0,0,0,0,0,72,1,110877,0,2993,1051,254
1034,2985,0,0,0,0,0,0,151,1,4991023,0,2558,2458,522
1035,2963,0,0,0,0,2,0,267,1,4991023,0,2558,4011,1041
1036,3148,0,0,0,0,0,1,291,1,2438186,0,2977,1138,343
1037,3287,0,1,0,0,1,0,292,1,182822,0,98518,1299,488
1038,3145,0,0,0,0,0,0,69,1,32080161,0,18,308,90
1039,3151,1,0,0,0,0,0,53,1,32463,0,91,201,77
1040,3423,0,4,0,0,14,0,297,1,345171,0,2,384,386
1041,3114,0,0,0,0,0,0,237,1,893422,0,578,244,75
1042,8228,1,0,0,0,0,0,240,1,6926343,0,514,4240,621
1043,3238,0,1,0,0,0,0,129,1,23472364,0,1167,403,90
1044,3148,0,0,0,0,2,0,276,1,37492,0,19762,36,30
1045,7425,0,0,0,0,0,0,279,1,124386,0,1001,5088,1704
1046,4923,0,0,0,0,0,0,280,1,4991023,0,2558,4811,1759
1047,4632,0,0,0,0,2,0,241,1,879842,0,4100,2767,2340
1048,3209,0,1,0,0,5,0,149,1,154081,0,1074,204,66
1049,3351,0,1,0,0,0,1,236,1,79289,0,900,2166,106
1050,3149,0,0,0,0,0,0,277,1,170285,0,837,167,53
1051,10952,1,0,0,0,0,2,215,1,5406116,0,13,12956,991
1052,10971,0,0,0,0,1,0,270,1,2929953,0,103,1772,491
1053,10310,0,0,0,0,1,0,192,1,25843409,0,170,2850,1291
1054,11676,0,0,1,0,1,0,302,1,1521112,0,1205,1243,384
1055,8430,0,0,0,0,0,0,278,1,1069445,1,826,2772,460
1056,10223,1,0,1,0,2,0,258,1,53848814,0,1103,611,193
1057,10117,0,3,0,0,1,0,240,1,231686,0,513,893,532
1058,8979,1,0,0,0,0,0,269,1,220685,0,11835,1685,344
1059,8469,0,0,0,0,0,0,277,1,15163368,0,6878,4377,1341
1060,10205,1,1,0,0,0,0,238,1,589575,0,107,944,226
1061,11612,0,0,0,0,0,0,276,1,4991023,0,2558,3125,915
1062,10198,0,0,0,0,0,0,280,1,251417,0,1138,385,255
1063,8829,0,0,0,0,0,0,288,1,4315013,0,62,1424,197
1064,10262,0,0,1,0,1,0,199,1,137021,0,270,926,196
1065,11974,0,2,0,0,0,3,261,1,131127,0,1213,6083,293
1066,12185,0,4,0,0,3,1,272,1,209041,0,58,689,428
1067,12044,0,0,0,0,0,0,301,1,63819,1,1237,314,83
1068,12005,0,0,0,0,0,0,153,1,17954952,0,1705,296,99
1069,12098,1,0,0,0,2,2,152,1,871281,0,159,139,55
1070,12038,0,0,1,0,0,0,138,1,23472367,0,1167,215,48
1071,12165,0,3,0,0,0,1,243,1,157267,0,12377,63,21
1072,12121,0,1,0,0,2,0,206,1,239721,0,613,36,16
1073,12190,0,1,0,0,1,2,300,1,5461,0,2203,61,38
1074,12075,0,0,0,0,0,1,278,1,2947,0,2335,49,24
1075,12088,1,0,0,0,0,0,102,1,3543547,0,1235,69,40
1076,12218,0,0,0,0,0,0,108,1,680797,0,4380,264,55
1077,11993,0,0,1,0,3,1,281,1,118589,0,827,76,27
1078,12033,0,0,0,0,0,0,307,1,296009,1,383,669,18
1079,12181,0,0,1,0,0,1,250,1,78692,0,346,32,25
1080,12234,0,1,0,0,0,1,300,1,16089,0,962,157,18
1081,12224,0,0,0,0,0,0,92,1,294154,0,164,26,23
1082,12222,0,0,0,0,2,2,196,1,105033,0,6785,61,24
1083,1679,0,0,0,0,1,3,275,1,4991023,0,2558,3101,499
1084,1970,0,1,0,0,0,0,245,1,5742,0,734,2136,501
1085,2301,0,0,0,0,0,0,280,1,128118,0,32,4425,520
1086,328,0,0,0,0,0,4,329,0,44,0,159,0,0
1087,328,0,1,0,0,2,0,296,1,31838,0,3669,0,0
1088,328,0,0,0,0,0,0,270,0,3317,0,4262,0,0
1089,328,0,0,0,0,0,0,188,0,979,0,691,0,0
1090,328,1,0,0,0,0,2,305,0,432,0,966,0,0
1091,328,0,0,0,0,0,0,152,0,3345,0,588,0,0
1092,328,1,0,0,0,0,3,200,0,28,0,79,0,0
1093,328,0,0,0,0,0,0,187,1,127391,0,4421,0,0
1094,329,1,0,0,0,0,1,231,0,114,0,102,0,0
1095,329,0,1,0,0,10,1,267,0,800,0,814,0,0
1096,329,0,0,0,0,1,0,280,0,11857,0,414,0,0
1097,329,1,0,0,0,0,1,82,0,0,0,16,0,0
1098,2301,0,0,0,0,0,1,299,0,8785,0,8232,1,0
1099,2302,0,1,0,0,8,0,293,0,47,0,5,0,0
1100,2302,1,0,0,0,0,0,97,0,113,0,113,6,0
1101,2302,0,0,0,0,0,1,172,0,359,0,635,4,0
1102,2302,0,3,0,0,0,0,170,0,75,1,97,1,1
1103,2302,0,0,0,0,0,2,281,0,346,0,775,2,0
1104,2303,0,0,0,0,1,0,54,0,4145,0,4681,0,2
1105,2303,1,0,0,0,3,1,282,0,37,0,20,8,6
1106,2303,0,0,0,0,0,0,272,0,1543,0,447,70,8
1107,2303,0,0,0,0,0,0,273,0,11504,0,446,52,0
1108,2303,1,0,0,0,0,0,88,0,970,0,418,1,0
1109,2303,0,0,0,0,0,0,51,0,87,0,190,0,0
1110,2303,0,1,0,0,10,0,264,0,3218,0,17,0,0
1111,2303,0,0,0,0,0,3,103,0,1600,0,3066,0,0
1112,2303,0,0,0,0,0,1,211,0,38,0,148,2,0
1113,2303,1,0,0,0,1,0,39,0,26,0,0,2,1
1114,2303,1,1,0,0,0,0,138,0,181,0,2,0,0
1115,2304,1,0,0,0,0,0,210,0,655,1,856,1,0
1116,2304,0,0,0,0,0,0,179,0,982,0,0,0,0
1117,2304,0,0,0,0,0,0,258,0,693,0,1153,0,0
1118,2304,0,0,0,0,1,1,72,0,16,0,299,0,0
1119,2304,0,0,0,0,0,12,272,0,106,0,81,0,0
1120,2304,1,1,0,0,0,0,138,0,181,0,2,0,0
1121,2304,0,0,0,0,0,1,57,0,26020,0,22553,0,0
1122,2304,0,0,0,0,2,9,281,0,1333,0,224,10,7
1123,2305,1,0,0,0,0,1,290,0,109,0,117,0,0
1124,2305,0,0,0,0,2,0,278,1,7858,0,918,20,18
1125,2305,0,0,0,0,0,0,137,0,5863,0,6441,0,1
1126,2305,1,0,0,0,0,0,205,0,27,0,12,0,0
1127,2305,0,1,0,0,0,0,254,0,104,0,100,0,0
1128,2305,0,0,0,0,0,0,274,0,161,0,625,1,0
1129,2305,1,0,0,0,0,2,191,0,23,0,133,0,0
1130,2305,0,0,0,0,0,1,149,0,749,0,445,0,0
1131,2305,0,0,0,0,0,11,238,0,7,0,51,22,1
1132,2305,1,0,0,0,0,3,295,0,184,0,923,0,0
1133,2305,0,0,0,0,0,1,234,0,227,0,381,0,0
1134,2306,0,0,0,0,0,1,293,0,1518,0,999,2,0
1135,2306,0,0,0,0,0,0,68,0,3468,0,188,2,0
1136,2306,0,0,0,0,0,0,41,0,156,0,320,0,0
1137,2306,0,0,0,0,0,1,173,0,2047,0,3102,1,0
1138,2306,1,0,0,0,0,0,275,0,1,0,13,0,0
1139,2306,0,0,0,0,0,1,137,0,19,0,354,15,0
1140,2306,0,0,0,0,0,0,257,0,1340,0,1367,10,0
1141,2306,1,0,0,0,8,1,277,0,10737,0,3634,1,0
1142,2306,0,0,0,0,0,0,56,0,317,0,286,1,4
1143,2306,0,0,0,0,0,1,72,0,322,0,207,1,0
1144,2307,0,0,0,0,0,0,176,0,133,0,213,0,0
1145,2307,0,4,0,0,2,1,273,0,7,0,221,0,0
1146,2307,1,0,0,0,0,2,211,0,5,0,13,1,0
1147,2307,0,0,0,0,1,0,131,0,57,0,113,3,0
1148,2308,1,0,0,0,0,1,209,0,6,0,35,11,3
1149,2308,1,0,0,0,0,1,283,0,14,0,51,1,0
1150,2308,1,0,0,0,0,1,291,0,14,0,95,0,0
1151,2308,0,0,0,0,0,1,251,0,14589,0,497,0,0
1152,2308,1,0,0,0,2,0,167,0,1253,0,325,1,0
1153,2308,1,1,0,0,4,1,164,0,4,0,101,0,0
1154,2309,0,0,0,0,0,1,176,0,1984,0,550,0,0
1155,2309,0,0,0,0,0,2,201,0,160,0,254,2,0
1156,2309,1,0,0,0,1,19,443,0,206,0,309,7,1
1157,2309,1,0,0,0,0,1,167,0,69,0,438,0,0
1158,2309,0,0,0,0,0,4,268,0,14639,0,356,31,0
1159,2309,0,0,0,0,0,3,237,0,39,0,156,5,0
1160,2309,1,0,0,0,0,0,120,0,26,0,32,0,0
1161,2309,0,0,0,0,1,1,277,0,7,0,138,4,0
1162,2309,0,0,0,0,0,1,186,0,568,0,769,1,0
1163,2309,0,0,0,0,0,1,289,0,190,0,750,1,0
1164,2309,0,0,0,0,0,1,163,0,229,0,132,0,0
1165,2310,1,0,0,0,0,0,220,0,96,1,379,0,0
1166,2310,0,0,0,0,0,4,248,0,3,0,90,0,0
1167,2310,0,0,0,0,0,0,280,0,1344,0,1104,11,0
1168,2310,1,0,0,0,0,0,107,0,447,1,1004,1,0
1169,2310,0,1,0,0,3,0,243,0,21,0,29,0,1
1170,2310,1,0,0,0,0,1,83,0,95,0,189,0,1
1171,2310,1,0,0,0,0,2,276,0,10,0,155,0,0
1172,2311,0,0,0,0,0,0,279,0,1201,0,271,2,0
1173,2311,0,0,0,1,0,1,165,0,14,0,209,0,0
1174,2311,0,0,0,0,0,0,165,0,20797,0,13289,4,3
1175,2311,1,0,0,0,0,1,179,0,4,0,170,0,0
1176,2311,1,0,0,0,1,1,109,0,1253,0,325,5,0
1177,2311,1,0,0,0,0,2,311,0,47,0,243,2,0
1178,2312,0,0,0,0,0,0,136,0,2,0,40,0,0
1179,2312,1,0,0,0,0,2,224,0,1004,0,793,0,0
1180,2312,0,1,0,0,18,1,303,0,337,0,583,1,2
1181,2312,1,0,0,0,0,1,87,0,40,0,55,0,0
1182,2312,1,0,0,0,1,3,202,0,27,0,241,0,0
1183,2312,1,0,0,0,0,0,99,0,104,0,188,0,0
1184,2312,0,0,0,0,0,0,88,1,8088,0,1699,10,4
1185,2312,0,1,0,0,1,0,286,0,9001,0,2273,0,0
1186,2312,0,0,0,0,0,1,60,0,92,0,236,1,0
1187,2312,1,0,0,0,0,1,197,0,341,0,776,2,0
1188,2312,0,0,0,0,0,0,34,0,162,0,958,0,0
1189,2312,1,0,0,0,0,4,349,0,29,0,118,10,0
1190,2312,1,1,0,0,2,0,141,0,3,0,263,2,0
1191,2312,0,0,0,0,0,1,65,0,965,0,3715,0,0
1192,2312,1,0,0,0,0,0,276,0,1,0,23,0,0
1193,2313,0,0,0,0,0,0,106,0,45757,0,41243,0,0
1194,2313,1,0,0,0,0,0,219,0,170,0,2,1,1
1195,2313,1,0,0,0,0,1,130,0,1,0,282,0,0
1196,2313,0,0,0,0,2,1,165,0,273,0,417,0,0
1197,2313,1,1,0,0,0,0,295,0,227,0,70,14,2
1198,2313,0,1,0,0,19,0,293,0,337,0,583,2,1
1199,2313,1,0,0,0,0,0,276,0,1112,0,400,9,1
1200,2313,0,0,0,0,0,0,96,0,1405,0,1158,39,4
1201,2314,0,1,0,0,4,0,278,0,272,0,787,0,0
1202,2314,0,0,0,0,0,5,113,0,151,0,138,0,0
1203,2314,0,0,0,0,0,2,273,0,81,0,527,0,0
1204,2314,0,1,0,0,18,0,288,0,337,0,583,0,1
1205,2314,1,0,0,0,0,2,235,0,73,0,27,2,0
1206,2314,1,0,0,0,1,0,136,0,525,0,849,0,0
1207,2314,0,0,0,0,11,0,280,0,1447,0,2149,0,0
1208,2314,1,0,0,0,0,0,256,0,0,0,27,0,0
1209,2314,1,0,0,0,0,0,131,0,317,0,323,2,0
1210,2314,0,0,0,0,0,3,258,0,52,0,15,5,1
1211,2315,0,0,0,0,0,1,57,0,517,0,1018,0,0
1212,2315,1,1,0,0,4,0,189,0,23,0,87,1,0
1213,2315,0,0,0,0,2,0,235,1,230196,0,592,4,5
1214,2315,0,0,0,0,0,1,227,0,137,0,1176,0,0
1215,2315,0,0,0,0,0,1,169,0,373,0,382,0,0
1216,2315,0,0,0,0,0,0,206,1,1245062,0,392,2,2
1217,2315,0,0,0,0,0,0,279,0,1039,0,849,2,0
1218,2315,0,0,0,0,0,0,51,0,154,0,363,5,0
1219,2315,0,1,0,0,18,0,297,0,337,0,583,2,1
1220,2315,1,0,0,0,0,1,276,0,3644,0,4994,3,0
1221,2315,0,0,0,0,0,0,78,0,95,0,109,2,0
1222,2315,0,0,0,0,0,1,284,0,3991,0,2467,0,0
1223,2315,1,0,0,0,0,2,202,0,487,0,997,0,0
1224,2316,0,0,0,0,0,0,53,0,4056,0,3792,1,3
1225,2316,0,1,0,0,0,1,300,0,2,0,26,0,0
1226,2316,0,0,0,0,0,0,222,0,4056,0,3792,3,1
1227,2316,0,0,0,0,0,0,167,0,4056,0,3792,2,1
1228,2316,0,0,0,0,1,0,213,0,4056,0,3792,1,0
1229,2316,0,0,0,0,1,0,116,0,4056,0,3792,10,7
1230,2316,0,0,0,0,0,0,174,0,9359,0,9350,0,0
1231,2316,1,1,0,0,1,0,199,0,157,0,434,0,0
1232,2317,0,0,0,0,0,1,60,0,777,0,548,2,0
1233,2317,0,0,0,0,0,1,237,0,7145,0,6395,2,0
1234,2317,1,0,0,0,7,0,170,0,7475,0,8004,0,0
1235,2317,1,0,0,0,0,5,172,0,2,0,95,263,2
1236,2317,1,0,0,0,5,0,279,0,0,0,7,1,0
1237,2317,1,0,0,0,0,0,225,0,379,1,614,2,0
1238,2317,0,1,0,0,3,0,291,0,2886,0,134,1,1
1239,2317,1,0,0,0,0,5,339,0,1,0,23,0,0
1240,2317,1,0,0,0,0,1,113,0,62,0,62,1,0
1241,2317,0,0,0,0,0,1,87,0,1970,0,979,4,0
1242,2318,0,0,0,0,0,3,138,0,335,0,399,0,0
1243,2318,0,1,0,0,0,0,301,0,12278,0,832,4,1
1244,2318,1,1,0,0,3,0,264,0,4119,0,751,1,1
1245,2318,0,1,0,0,0,0,265,0,3,0,55,0,0
1246,2318,0,0,0,0,0,0,100,0,217,0,394,0,0
1247,2318,0,0,0,0,0,0,191,0,145,0,199,5,0
1248,2318,0,0,0,0,0,0,293,0,575,1,2078,1,0
1249,2318,0,0,0,0,0,0,119,0,44,0,108,0,0
1250,2318,0,0,0,0,0,3,245,0,5592,0,5969,0,1
1251,2318,1,1,0,0,2,2,168,0,15,0,43,1,0
1252,2319,1,0,0,0,0,0,203,0,326,0,26,0,0
1253,2319,0,0,0,0,0,0,32,0,3,0,0,0,0
1254,2319,0,0,0,0,0,19,420,0,3572,0,5004,1,0
1255,2319,0,0,0,0,0,1,157,0,1405,0,1158,1,0
1256,2319,0,0,0,0,0,2,310,0,840,0,2536,2,0
1257,2319,0,0,0,0,0,1,293,0,2917,0,1866,5,1
1258,2319,0,0,0,0,0,2,300,0,37,0,89,0,0
1259,2319,1,0,0,0,0,1,258,0,2,0,104,0,0
1260,2319,0,0,0,0,0,2,132,0,974,0,1870,1,0
1261,2319,0,0,0,0,0,1,94,0,127,0,371,2,0
1262,2320,0,1,0,0,0,0,291,0,1374,0,1668,1,1
1263,2320,0,0,0,0,0,1,296,0,819,0,441,5,2
1264,2320,0,0,0,0,0,1,232,0,336,0,2536,1,0
1265,2321,0,0,0,0,0,0,120,0,60,0,4,0,0
1266,2321,1,0,0,0,0,1,288,0,4,0,21,0,0
1267,2321,1,0,0,0,0,1,295,0,359,0,976,0,0
1268,2321,0,0,0,0,0,1,233,0,26,0,188,1,0
1269,2321,0,0,0,0,0,0,57,0,597,0,484,2,0
1270,2322,1,0,0,0,0,4,196,0,2,0,92,0,0
1271,2322,0,0,0,0,0,3,283,0,872,0,764,2,1
1272,2322,0,0,0,0,0,1,283,0,1417,0,5007,1,0
1273,2322,0,0,0,0,0,0,278,0,117,0,196,3,4
1274,2322,1,0,0,0,0,0,50,0,12,0,28,0,0
1275,2322,0,0,0,0,0,2,296,0,210,0,385,2,0
1276,2322,0,0,0,0,0,0,57,0,576,0,1629,1,0
1277,2322,0,1,0,0,2,0,297,0,14,0,95,3,1
1278,2322,0,0,0,0,0,0,64,0,14936,0,15147,1,0
1279,2322,0,0,0,0,0,0,101,0,89,0,96,0,0
1280,2322,0,0,0,0,0,1,289,0,2,0,26,0,0
1281,2323,1,0,0,0,0,2,179,0,2025,0,19,0,0
1282,2323,0,0,0,0,0,0,279,0,352,0,170,0,0
1283,2557,0,0,0,0,0,0,222,1,421419,0,1526,3740,1464
1284,1938,0,0,0,0,0,0,280,1,163688,0,7775,3771,1518
1285,1578,0,0,0,0,0,0,276,1,1754457,0,5379,943,353
1286,1152,1,0,0,0,2,0,279,1,170113,0,51,1287,434
1287,1683,0,1,0,0,1,0,193,1,1031611,0,524,1025,181
1288,2104,0,0,1,0,0,0,303,1,7147120,0,26,541,176
1289,2635,1,0,0,0,0,0,214,1,1329801,0,62,3042,474
1290,757,0,0,0,0,0,0,201,1,421419,0,1526,627,203
1291,1316,0,0,0,0,0,1,263,1,1078700,0,10484,1224,175
1292,1484,0,0,0,0,0,0,252,1,511939,0,815,1587,316
1293,2484,0,1,0,0,3,3,287,1,661403,0,80,740,274
1294,507,0,0,0,0,2,1,298,1,48854,1,336,287,195
1295,1666,1,1,0,0,0,0,77,1,4267479,0,432,1812,319
1296,2121,0,0,0,0,0,0,280,1,26633,0,556,330,191
1297,1913,0,0,0,0,0,0,84,1,163688,0,7775,540,155
1298,2657,0,0,0,0,2,0,302,1,31000,1,717,450,127
1299,2889,0,0,1,0,0,0,198,1,150712,0,3846,374,136
1300,2758,0,4,0,0,0,3,190,1,409080,0,6050,274,37
1301,2960,0,0,0,0,0,0,282,1,1960796,0,1348,585,106
1302,3037,0,1,0,0,1,0,239,1,1652464,0,1,105,59
1303,3262,1,0,1,0,0,0,249,1,53848816,0,1103,468,205
1304,2978,0,0,0,0,0,0,180,1,25608811,0,133,87,21
1305,2829,0,0,0,0,0,3,214,1,34317,0,582,64,17
1306,3202,0,0,0,0,0,0,181,1,281171,0,455,120,50
1307,2933,0,0,0,0,0,3,159,1,283952,0,1973,42,20
1308,2910,0,0,0,0,0,1,192,1,20512,0,1294,201,25
1309,3002,0,0,0,0,0,0,190,1,25608811,0,133,96,22
1310,2977,1,0,0,0,3,2,275,1,21641,0,396,44,20
1311,3022,0,1,0,0,3,1,295,1,1859391,0,336,46,20
1312,7193,0,0,0,0,0,0,197,1,420442,1,1165,4070,657
1313,8991,0,0,0,0,0,0,229,1,119857,1,996,5399,1901
1314,10957,0,0,0,0,0,0,242,1,421419,0,1526,1237,468
1315,9185,0,1,0,0,0,0,283,1,5798157,0,0,3450,990
1316,12007,0,4,0,0,0,2,285,1,2997939,0,228,1459,835
1317,7494,1,0,0,0,0,0,241,1,3479077,0,287,3256,534
1318,10095,0,4,0,0,0,0,289,1,714794,0,0,2468,608
1319,7486,0,0,0,0,0,0,291,1,815749,1,805,2904,355
1320,10473,0,0,0,0,0,0,222,1,977965,0,5829,11372,1708
1321,9848,0,0,0,0,1,0,280,1,797899,0,8252,2390,816
1322,7594,0,0,0,0,3,0,302,1,33769,1,3717,7312,1641
1323,8144,1,3,0,0,1,0,305,1,116916,0,629,679,705
1324,8568,0,0,0,0,0,0,191,1,559482,0,807,24536,1739
1325,8803,0,0,0,0,0,2,281,1,29882,1,2961,508,438
1326,11820,0,0,0,0,0,0,278,1,80886,0,900,678,434
1327,10951,1,0,0,0,0,0,59,1,199768,0,213,4303,264
1328,12083,0,3,0,0,0,3,304,1,782645,0,250,597,370
1329,12194,0,0,0,0,0,0,87,1,509648,0,10435,713,251
1330,12153,0,0,0,0,0,0,106,1,16012,0,1155,203,90
1331,12219,0,0,0,0,0,0,134,1,528624,0,121,161,51
1332,12020,0,0,0,0,0,0,191,1,1698225,0,3685,171,44
1333,12096,0,0,0,0,0,1,277,1,44013,0,2046,205,43
1334,12125,0,0,0,0,2,0,172,1,1409530,0,928,132,33
1335,12026,0,0,0,0,1,0,244,1,1241323,0,86,190,33
1336,12090,0,0,0,0,0,0,317,1,18107,1,4161,57,24
1337,12146,0,0,0,0,2,0,123,1,574765,0,304,471,27
1338,2557,0,0,0,0,0,0,222,1,421419,0,1526,3740,1464
1339,1938,0,0,0,0,0,0,280,1,163688,0,7775,3771,1518
1340,1578,0,0,0,0,0,0,276,1,1754457,0,5379,943,353
1341,328,0,0,0,0,0,0,278,0,244,0,78,0,0
1342,328,0,0,0,0,2,0,283,0,17227,0,957,0,0
1343,328,0,0,0,0,0,0,240,0,244,0,78,0,0
1344,328,0,0,0,0,0,1,211,0,2962,0,4543,0,0
1345,328,1,1,0,0,1,6,291,0,116409,0,270,0,0
1346,328,1,0,0,0,0,0,278,0,0,0,3,0,0
1347,328,0,0,0,0,0,1,280,0,462,0,1233,0,0
1348,328,0,0,0,0,0,2,165,0,115,0,44,0,0
1349,328,1,0,0,0,0,2,304,0,519,0,349,0,0
1350,328,0,0,0,0,0,1,144,0,5,0,160,0,0
1351,328,0,0,0,0,0,1,152,0,115,0,44,0,0
1352,328,0,0,0,0,0,10,269,0,1070,0,683,0,0
1353,2557,1,1,0,0,0,0,240,0,27,0,25,0,0
1354,2557,0,0,0,0,0,0,221,0,34635,0,382,4,2
1355,2558,0,0,0,0,1,0,274,0,18297,0,1415,10,7
1356,2558,1,1,0,0,0,0,294,0,422,0,1699,0,0
1357,2558,0,0,0,0,3,0,115,0,2936,0,3155,0,0
1358,2558,0,0,0,0,3,0,115,0,6640,0,4875,0,0
1359,2558,0,2,0,0,1,0,243,0,87,0,11,0,0
1360,2558,0,0,0,0,0,5,199,0,11,0,212,0,0
1361,2558,0,0,0,0,0,1,46,0,98,0,378,1,0
1362,2558,1,0,0,0,0,2,294,0,55,0,193,1,0
1363,2558,0,0,0,0,0,0,236,0,151,0,694,0,0
1364,2558,0,0,0,0,14,0,278,0,913,0,172,0,0
1365,2558,1,0,0,0,0,1,49,0,52,0,294,0,0
1366,2559,0,0,0,0,0,1,293,0,1158,0,1292,0,0
1367,2559,0,0,0,0,0,1,153,0,161,0,301,1,0
1368,2559,0,0,0,0,0,3,175,0,4650,0,3481,2,0
1369,2559,0,0,0,0,0,0,79,0,97,0,1,0,0
1370,2559,0,1,0,0,6,1,185,0,2311,0,347,1,0
1371,2559,0,0,0,0,0,2,296,0,5,0,44,1,1
1372,2559,1,0,0,0,0,2,271,0,1012,0,1529,0,0
1373,2559,0,0,0,0,0,0,63,0,5863,0,3053,0,0
1374,2559,0,1,0,0,6,0,304,0,107,0,1038,0,0
1375,2560,1,0,0,0,0,7,345,0,28,0,200,0,0
1376,2560,0,0,0,0,3,0,151,0,29,0,129,1,0
1377,2560,0,0,0,0,0,1,209,0,1016,0,1987,2,1
1378,2560,0,0,0,0,0,1,73,0,5434,0,1625,1,0
1379,2560,1,0,0,0,0,1,171,0,10,0,103,5,0
1380,2560,0,0,0,0,1,0,163,0,11467,0,5983,47,0
1381,2560,0,0,0,0,0,5,196,0,11,0,212,0,0
1382,2560,0,0,0,0,5,0,134,0,29,0,161,1,0
1383,2560,1,0,0,0,0,3,251,0,106,0,793,0,0
1384,2561,1,0,0,0,0,1,257,0,1012,0,1529,0,0
1385,2561,1,0,0,0,2,0,255,0,155,0,837,0,0
1386,2561,1,0,0,0,0,2,203,0,157,0,308,1,0
1387,2561,0,0,0,0,0,2,91,0,1158,0,1089,0,0
1388,2561,1,1,0,0,6,0,179,0,30,0,379,0,0
1389,2561,0,0,0,0,0,1,120,0,304,0,766,0,0
1390,2561,1,0,0,0,2,0,130,0,3238,0,92,0,0
1391,2561,0,0,0,0,0,1,286,0,235,0,560,4,4
1392,2561,0,0,0,0,0,1,218,0,1802,0,1396,15,0
1393,2562,1,0,0,0,0,2,167,0,258,0,600,0,0
1394,2562,0,0,0,0,0,1,295,0,974,1,1616,3,1
1395,2562,1,0,0,0,0,4,308,0,2,0,14,0,0
1396,2562,0,0,0,0,0,2,256,0,3261,0,5001,0,0
1397,2562,0,0,0,0,0,0,271,0,4676,0,5068,2,0
1398,2562,0,0,1,0,22,0,302,0,1053,0,1105,3,1
1399,2562,0,0,0,0,0,1,30,0,1027,0,2429,1,0
1400,2562,1,0,0,0,4,0,111,0,67,0,178,0,0
1401,2562,1,1,0,0,0,0,233,0,17,0,5,0,0
1402,2562,0,0,0,0,0,1,74,0,795,0,692,1,0
1403,2562,0,0,0,0,0,0,94,0,1197,0,626,0,0
1404,2562,0,0,0,0,0,1,30,0,25543,0,2553,2,0
1405,2563,0,0,0,0,0,0,81,0,598,0,371,0,0
1406,2563,0,0,0,0,0,5,196,0,11,0,212,0,0
1407,2563,1,0,0,0,0,2,203,0,566,0,1181,1,1
1408,2563,0,0,0,0,0,0,267,0,24963,0,166,32,0
1409,2563,0,0,0,0,2,0,223,0,2820,1,212,5,1
1410,2563,0,0,0,0,1,0,115,0,74598,0,62228,0,0
1411,2563,1,0,0,0,4,3,275,0,126,1,685,1,0
1412,2563,0,0,0,0,0,0,69,0,130,0,99,1,0
1413,2563,1,0,0,0,0,1,143,0,3123,0,1352,2,0
1414,2564,1,0,0,0,0,1,50,0,3,0,75,0,0
1415,2564,0,1,0,0,0,1,299,0,12,0,96,3,0
1416,2564,0,0,0,0,2,0,120,0,1422,0,154,0,0
1417,2564,0,0,0,0,0,0,51,0,1359,0,1284,0,0
1418,2564,1,0,0,0,0,2,128,0,1070,0,1135,0,0
1419,2564,0,0,0,0,1,0,123,0,454,1,927,0,0
1420,2564,1,0,0,0,0,0,222,0,1,0,11,0,0
1421,2564,0,0,0,0,0,1,85,0,1291,0,2006,2,0
1422,2565,1,0,0,0,0,3,100,0,44,0,96,0,0
1423,2565,0,0,0,0,3,0,177,0,5096,0,1381,7,0
1424,2565,0,0,0,0,0,3,324,0,577,0,1092,0,0
1425,2565,1,0,0,0,0,1,204,0,2,0,93,2,0
1426,2565,1,0,0,0,0,3,181,0,1,0,31,1,0
1427,2565,0,0,0,0,0,1,293,0,1360,0,1932,0,0
1428,2565,0,0,0,0,0,1,41,0,709,0,951,1,0
1429,2565,0,0,0,0,0,3,298,0,90,0,65,2,0
1430,2565,0,0,0,0,0,0,99,0,614,0,1745,0,0
1431,2565,0,0,0,0,0,7,277,0,755,0,469,0,0
1432,2566,1,0,0,0,0,3,250,0,1,0,31,1,0
1433,2566,0,0,0,0,0,0,119,1,19855,0,408,10,0
1434,2566,0,0,0,0,3,1,280,0,717,0,718,0,0
1435,2566,0,0,0,0,0,0,293,0,1123,1,1825,3,0
1436,2566,0,0,0,0,0,0,38,0,297,0,139,0,0
1437,2566,0,0,0,0,0,0,233,0,4906,1,4928,0,0
1438,2566,1,0,0,0,0,2,298,0,258,0,600,0,0
1439,2566,1,0,0,0,0,4,305,0,5,0,19,0,0
1440,2566,0,0,0,0,0,2,270,0,2175,0,958,0,1
1441,2567,0,0,0,0,0,0,151,0,202,1,366,5,0
1442,2567,0,0,0,0,0,1,282,0,24,0,120,1,0
1443,2567,0,0,0,1,0,3,103,0,184,0,395,0,0
1444,2567,0,0,0,0,2,1,259,0,189,0,814,0,0
1445,2567,0,0,0,0,0,4,273,0,573,0,1639,0,0
1446,2567,1,0,0,0,0,1,116,0,2753,0,362,0,0
1447,2567,0,0,0,0,0,0,55,0,100,0,186,0,0
1448,2567,0,1,0,0,0,1,122,0,43,0,108,0,0
1449,2567,1,0,0,0,2,5,338,0,121,0,53,2,2
1450,2568,1,0,0,0,0,0,46,0,1575,0,2344,0,0
1451,2568,1,0,0,0,0,1,295,0,1055,0,2622,0,0
1452,2568,0,0,0,0,0,1,268,0,447,0,409,1,0
1453,2568,0,1,0,0,0,0,298,0,216,0,39,0,0
1454,2569,0,0,0,0,0,1,172,0,328,0,749,0,0
1455,2569,1,0,0,0,0,1,251,0,1012,0,1529,0,0
1456,2569,0,0,0,0,4,3,232,0,92,1,999,0,0
1457,2569,1,0,0,0,0,1,258,0,3065,0,231,3,0
1458,2569,0,0,0,0,0,1,103,0,353,0,258,0,0
1459,2569,1,0,0,0,0,7,336,0,1012,0,1529,0,0
1460,2569,1,0,0,0,0,2,280,0,9,0,85,0,0
1461,2570,0,0,0,0,0,1,176,0,1669,0,2382,0,0
1462,2570,1,0,0,0,0,1,257,0,1012,0,1529,0,0
1463,2570,1,0,0,0,0,2,184,0,28,0,95,0,0
1464,2570,1,0,0,0,0,1,262,0,53,0,199,0,0
1465,2570,0,0,0,0,0,1,217,0,1294,0,3849,3,0
1466,2570,1,0,0,0,0,1,227,0,1012,0,1529,0,0
1467,2570,0,0,0,0,0,0,184,0,2165,1,3220,2,0
1468,2570,0,0,0,0,1,2,174,0,230,0,861,0,0
1469,2571,1,0,0,0,3,0,181,0,40,0,14,0,0
1470,2571,1,0,0,0,0,3,289,0,1012,0,1529,0,0
1471,2571,0,0,0,1,0,0,321,0,1540,1,677,2,0
1472,2571,1,0,0,0,0,1,247,0,1012,0,1529,0,0
1473,2571,1,0,0,0,0,3,271,0,126,1,685,1,0
1474,2571,1,0,0,0,0,1,257,0,1012,0,1529,0,0
1475,2571,0,0,0,0,0,0,258,0,202,1,711,4,0
1476,2571,0,0,0,0,0,3,176,0,35,0,90,1,0
1477,2571,0,0,0,0,0,3,316,0,630,0,1524,1,0
1478,2571,1,0,0,0,0,1,35,0,5131,0,346,0,0
1479,2571,1,0,0,0,0,3,229,0,28,0,95,0,0
1480,2571,1,0,0,0,1,3,158,0,1801,0,914,0,0
1481,2571,0,0,0,0,0,3,117,0,492,0,1045,2,0
1482,2571,0,2,0,0,0,0,195,0,42,0,713,9,2
1483,2572,0,0,0,0,0,1,174,0,957,0,958,1,0
1484,2572,1,0,1,0,0,0,82,0,1,0,0,0,0
1485,2572,0,0,0,0,0,1,51,0,80,0,458,1,0
1486,2572,0,0,0,0,3,0,282,0,279,0,777,0,0
1487,2572,0,0,0,0,0,1,286,0,815,0,3222,0,0
1488,2572,1,1,0,0,0,0,303,1,20456,0,320,33,7
1489,2572,0,0,0,0,0,0,82,0,866,0,296,0,0
1490,2572,1,0,0,0,0,2,127,0,40,0,181,4,2
1491,2573,0,1,0,0,0,0,103,1,23472367,0,1167,51,17
1492,2573,0,0,0,0,0,0,193,0,1696,0,5,0,0
1493,2573,0,0,0,0,0,1,233,0,618,0,1312,0,0
1494,2573,0,1,0,0,0,0,277,0,215,0,479,0,0
1495,2573,0,0,0,0,0,0,132,0,328,1,749,0,0
1496,2573,0,0,0,0,0,4,308,0,77,0,498,0,0
1497,2573,0,0,0,0,0,1,160,0,2035,0,2007,0,0
1498,2573,0,0,0,0,1,0,169,0,20732,0,3899,0,1
1499,2573,0,0,0,0,0,2,264,0,66,1,910,2,0
1500,2573,1,0,0,0,0,2,122,0,16,0,46,0,0
1501,2573,0,0,0,0,0,0,178,0,5603,0,610,25,0
1502,2573,1,0,0,0,5,3,230,0,49,1,552,1,0
1503,2573,0,0,0,0,0,0,226,0,18,0,14,0,0
1504,2573,0,0,0,0,0,1,95,0,1095,0,820,0,0
1505,2573,0,0,0,0,0,1,61,0,138,0,219,0,0
1506,2573,0,0,0,0,0,1,226,0,2804,0,5001,4,0
1507,2573,1,0,0,0,0,4,316,0,3524,0,1520,0,0
1508,2573,1,1,0,0,6,1,193,0,7,0,30,0,0
1509,2574,0,0,0,0,10,0,237,0,158,0,400,0,0
1510,2574,0,1,0,0,0,0,303,0,140,0,0,0,0
1511,2574,1,0,0,0,0,1,169,0,167,0,502,0,0
1512,2574,1,0,0,0,0,1,252,0,1,0,4,0,0
1513,2574,0,0,0,0,0,0,229,0,899,0,1777,0,0
1514,2574,1,0,0,0,0,2,102,0,32,0,471,0,0
1515,2574,0,0,0,0,0,1,188,0,528,1,872,1,0
1516,2574,0,4,0,0,1,0,277,0,1527,0,634,1,0
1517,2574,0,0,0,0,0,2,226,0,21905,0,4759,3,0
1518,2574,0,0,0,0,3,0,277,0,503,0,502,0,0
1519,2574,0,0,0,0,0,3,188,0,243,0,330,2,0
1520,2574,0,1,0,0,0,0,150,0,1893,0,2732,18,0
1521,2575,1,1,0,0,18,0,299,0,42,0,525,1,1
1522,2575,1,0,0,0,4,4,212,0,172,0,1048,0,0
1523,2575,1,0,0,0,0,0,109,0,5603,0,13,987,244
1524,2575,0,0,0,0,1,7,372,0,755,0,469,0,0
1525,2575,0,0,0,0,1,0,97,0,45159,0,17362,1,0
1526,2575,0,0,0,0,5,5,298,0,1458,1,5001,2,2
1527,2575,0,0,0,0,0,3,252,0,298,0,1290,0,0
1528,2575,0,1,0,0,0,0,284,0,666,0,2644,5,0
1529,2575,0,0,0,0,0,3,178,0,62,0,103,0,0
1530,2576,1,0,0,0,0,0,181,0,21,0,115,0,0
1531,2576,1,0,0,0,0,2,219,0,34,0,129,6,0
1532,2576,0,0,0,0,14,0,278,0,914,0,222,0,0
1533,2576,1,0,0,0,0,0,250,0,6,0,251,0,0
1534,2576,1,1,0,0,0,0,103,0,6,0,1,0,0
1535,2576,1,1,0,0,0,1,282,0,8,0,33,0,0
1536,2576,0,0,0,0,0,1,211,0,2330,0,3337,0,0
1537,2576,0,0,0,0,0,1,263,0,509,0,2211,16,2
