mins_after_created,has_location,photos,videos,animated_gifs,hashtags,user_mentions,text_len,verified,followers_count,is_quote_status,friends_count,interactions
686,0,0,0,0,0,0,263,1,217238,0,2998,10584
1793,0,1,0,0,0,0,301,1,1308186,0,280,5069
1295,0,0,0,0,0,0,275,1,372557,0,940,3594
907,0,0,0,0,0,0,156,1,329291,0,11564,6346
1476,0,0,0,0,0,0,96,1,684745,0,22053,7204
2320,0,0,0,0,0,0,267,1,1209995,0,824,7120
2260,0,0,0,0,0,0,178,1,1209995,0,824,1422
807,1,0,0,0,2,0,250,1,6926609,0,514,5021
1301,0,0,0,0,0,1,176,1,9038336,0,595,5218
1549,0,0,0,0,0,0,279,1,1209851,0,961,9607
699,0,0,0,0,0,2,173,1,564679,0,1697,5068
842,0,0,0,0,0,0,155,1,329291,0,11564,3810
1378,0,0,0,0,2,2,236,1,272388,0,849,7086
2188,0,0,0,0,0,1,257,1,21309,0,2454,1449
2323,1,0,0,0,0,0,131,1,1467068,0,110,2906
2470,0,0,0,0,0,0,218,1,1209995,0,824,9858
2569,0,0,0,0,0,1,183,1,103585,0,999,7042
2776,0,0,0,0,0,0,280,1,153119,0,1700,1527
2426,1,0,1,0,3,0,311,1,76831,0,1144,1011
2395,0,0,0,0,0,0,152,1,45544,1,2060,3468
2321,0,0,0,0,0,0,228,1,438187,1,1107,2487
2358,0,0,0,0,0,0,245,1,183737,0,1783,5897
2462,0,0,0,0,0,1,135,1,250543,0,8897,3810
2592,0,0,0,0,0,0,272,1,480362,0,1479,1202
2962,0,0,0,0,0,1,196,1,243913,0,3109,4928
2947,0,0,0,0,0,1,133,1,865923,0,1342,4319
2918,0,0,0,0,0,0,272,1,808128,0,55290,1204
3041,0,0,0,0,0,0,132,1,247579,0,1282,1547
2815,1,0,0,0,0,0,266,1,249089,0,750,2828
3187,0,0,0,0,0,0,172,1,1759486,0,5391,2406
3069,0,1,0,0,0,0,174,1,20073417,0,261,1997
3148,1,0,0,0,0,0,99,1,1467068,0,110,1534
3278,0,0,0,0,0,0,278,1,70302,0,4822,3006
3170,0,0,0,0,0,0,280,1,754557,0,1430,1498
3116,0,0,0,0,0,0,213,1,201450,0,4054,1690
3192,1,0,0,0,0,0,40,1,1467068,0,110,1357
3130,0,0,0,0,0,1,223,1,6926,0,134,857
3162,0,0,0,0,0,0,199,1,284993,0,1973,967
3258,1,0,0,0,0,0,276,1,95921,0,1290,2080
3048,1,0,0,0,0,0,143,1,948419,0,2488,998
3426,0,0,0,0,0,2,152,1,250543,0,8897,9950
3310,1,0,0,0,0,0,172,1,1618232,0,492,2722
3326,0,0,0,0,0,0,100,1,178719,0,1522,1028
3355,0,0,0,0,0,0,125,1,1179177,1,23462,7881
3432,0,0,0,0,0,0,94,1,705595,0,2960,2550
9219,1,0,0,0,0,0,132,1,1332640,0,862,15079
11152,0,0,0,0,0,1,155,1,162581,1,831,22903
6656,1,0,0,0,0,0,203,1,154126,0,522,16198
7689,0,0,0,0,0,0,245,1,475126,0,1918,8404
5233,0,0,0,0,0,0,278,1,4189739,0,2483,19992
10796,0,0,0,0,0,0,204,1,34495,0,5162,14239
3862,0,0,0,0,0,0,185,1,292775,0,1897,2838
6630,1,0,0,0,0,0,281,1,589785,0,4775,9725
3835,0,0,0,0,0,0,191,1,2438595,0,2979,22732
8138,1,0,1,0,0,0,281,1,355419,0,1256,13114
8158,0,0,0,0,0,0,124,1,2275010,0,4848,13737
3585,0,0,0,0,0,2,84,1,250543,0,8897,8404
10477,0,0,1,0,0,0,171,1,16638700,0,503,23533
9460,0,0,0,0,0,0,218,1,1209995,0,824,12278
12184,0,0,0,0,0,0,208,1,420929,1,1164,8512
11269,0,3,0,0,0,2,257,1,283983,0,4544,9086
12319,0,1,0,0,0,0,179,1,57391,0,3482,6295
12319,0,0,0,0,0,0,200,1,15171815,0,6877,7544
11178,0,0,0,0,0,0,280,1,593785,0,5412,5769
12178,0,0,0,0,0,0,221,1,102029,0,5987,6511
12120,0,0,0,0,0,0,276,1,471202,0,1991,10501
11927,0,1,0,0,0,1,162,1,283983,1,4544,5694
11886,0,0,0,0,0,0,279,1,161351,0,1468,2618
11281,1,0,0,0,0,0,93,1,474781,0,195,3836
11783,0,0,0,0,0,1,165,1,1231249,0,1555,3781
12219,1,0,0,0,0,0,229,1,153465,0,2917,6478
12550,0,0,0,0,0,0,233,1,1209995,0,824,12532
12144,0,0,0,0,0,0,161,1,1209995,0,824,7081
12554,0,0,0,0,0,0,280,1,108556,0,4598,1427
12555,0,0,0,0,0,1,213,1,508473,0,1242,625
12552,0,0,0,0,0,0,264,1,65954,0,1079,324
12558,1,0,0,0,0,1,271,1,53911668,0,1103,379
12551,0,0,0,0,0,0,99,1,4132105,0,344,88
12561,0,0,0,0,0,0,280,1,561794,0,614,148
12558,0,0,0,0,0,0,78,1,9753894,0,1073,78
12551,0,0,0,0,0,0,96,1,3561414,0,641,113
686,0,0,0,0,0,0,263,1,217238,0,2998,10584
1793,0,1,0,0,0,0,301,1,1308186,0,280,5069
1295,0,0,0,0,0,0,275,1,372557,0,940,3594
329,0,0,0,0,3,0,139,0,909,0,1987,0
329,0,0,0,0,0,0,150,0,12,0,411,0
329,1,0,0,0,0,1,93,0,1779,0,410,0
329,0,0,0,0,0,0,116,0,669,0,705,0
329,0,0,0,0,0,0,135,0,4221,0,5004,0
329,0,0,0,0,0,0,103,0,157,1,331,0
330,1,0,0,0,0,0,79,0,1474,0,307,0
330,0,1,0,0,0,0,147,0,889,0,1857,0
330,1,0,0,0,0,0,288,0,12,0,23,0
330,0,0,0,0,2,0,52,0,2788,0,3640,0
330,1,0,0,0,0,0,78,0,74,0,74,0
330,1,0,0,0,0,1,181,0,22,0,221,0
1793,0,0,0,0,0,0,64,1,111669,0,1149,15
1793,0,0,0,0,0,0,82,1,303899,0,2606,0
1793,0,0,0,0,0,1,105,0,1858,0,3809,6
1793,0,0,0,0,0,0,218,0,412,0,216,0
1793,0,0,0,0,0,0,178,0,16668,0,14776,13
1793,0,0,0,0,1,1,225,0,1077,0,2686,0
1793,0,0,0,0,0,0,135,0,1499,1,2302,0
1793,0,0,0,0,0,0,29,0,130,0,2385,0
1793,0,0,0,0,1,0,273,0,1077,0,2686,0
1793,1,0,0,0,0,0,125,0,72,0,126,0
1793,0,0,0,1,0,1,86,0,202,0,630,0
1793,0,0,0,0,4,1,225,0,121,0,328,37
1793,0,0,0,0,0,0,42,0,4922,0,5409,2
1793,0,0,0,0,0,1,64,0,112048,0,324,2
1793,0,0,0,0,0,1,160,0,808,0,892,2
1793,1,0,0,0,0,0,127,0,1823,0,1759,0
1793,0,0,0,0,0,3,225,0,1466,0,2573,1
1793,1,0,0,0,0,2,200,0,43,0,91,0
1793,0,0,0,0,0,2,285,0,3,0,29,1
1793,0,0,0,1,3,2,286,0,2775,1,2691,0
1793,1,0,0,0,0,1,276,0,1618,0,1989,0
1793,0,0,0,0,0,0,66,1,281161,0,268,19
1793,0,0,0,0,0,0,34,0,1047,0,419,2
1793,1,0,0,0,0,0,122,0,6,0,52,0
1793,0,0,0,0,0,3,227,0,24,0,426,0
1793,0,0,0,0,0,0,88,0,11252,0,11048,38
1793,0,0,0,0,0,5,192,0,548,0,1185,0
1793,0,0,0,0,0,0,294,0,69,1,833,4
1793,0,0,0,0,0,1,38,0,1383,0,2128,9
1793,0,1,0,0,2,3,290,0,459,0,1869,0
1793,0,0,0,0,0,0,107,0,35,1,212,0
1793,0,0,0,0,1,0,276,0,4816,0,1270,12
1793,1,1,0,0,0,0,304,0,9654,0,10375,0
1793,0,0,0,0,0,0,38,0,754,1,443,0
1793,0,0,0,0,0,2,287,0,6315,0,6912,3
1793,0,0,0,0,0,1,196,0,4642,0,2877,5
1793,0,0,0,0,0,2,122,0,1898,0,2000,1
1793,0,0,0,0,0,0,198,1,14374,0,245,2
1793,0,0,0,0,0,0,84,0,5635,0,6127,2
1793,0,0,0,0,1,2,97,0,323,0,945,0
1793,1,0,0,0,0,0,87,1,341520,0,906,2
1793,1,0,0,0,0,0,278,0,487,0,385,3
1793,1,0,0,0,0,0,254,0,186,0,714,0
1794,1,0,0,0,2,0,237,0,32,0,412,0
1794,0,0,0,0,0,2,116,0,0,0,22,0
1794,0,0,0,0,0,1,137,0,42,0,99,0
1794,1,0,0,0,0,1,188,0,541,0,740,3
1794,0,0,0,0,0,0,86,0,411,0,715,0
1794,1,0,0,0,0,1,72,0,550,0,705,0
1794,1,0,0,0,0,2,185,0,4,0,21,0
1794,0,0,0,0,0,0,100,0,184,0,448,0
1794,1,0,0,0,0,1,83,0,61,0,358,1
1794,1,0,0,0,0,1,96,0,13,0,54,2
1794,1,0,0,0,0,1,148,0,0,0,0,0
1794,1,0,0,1,0,0,265,1,8180,0,770,299
1794,1,0,0,0,2,0,199,0,0,0,13,0
1794,1,0,0,0,0,0,169,1,8180,0,770,302
1794,0,0,0,0,1,0,141,0,1339,0,1465,0
1794,0,0,0,0,0,0,219,0,1357,0,17,0
1794,1,1,0,0,0,0,118,0,604,0,1623,0
1794,0,1,0,0,3,0,274,0,2034,0,1958,4
1794,0,0,0,0,0,0,134,0,130,0,2385,0
1794,0,1,0,0,0,0,108,0,238,0,277,0
1794,0,0,0,0,0,0,164,0,6,0,50,0
1794,1,0,0,0,0,0,94,1,223700,0,0,5
1794,0,0,0,0,0,0,181,0,98,1,317,0
1794,0,0,0,0,0,2,227,0,3459,0,3961,5
1794,1,0,0,1,0,0,302,1,8180,0,770,515
1794,1,0,0,0,0,3,319,0,981,0,3493,9
1794,0,0,0,0,0,1,308,0,5090,0,4882,9
1794,1,0,0,0,0,0,219,1,8180,0,770,352
1794,1,0,0,0,0,1,296,0,13,0,150,0
1794,1,0,0,0,0,0,279,1,8180,0,770,258
1794,1,0,0,0,0,0,110,0,9,0,218,1
1794,0,0,0,0,0,0,262,0,34,0,0,0
1794,0,0,0,0,0,2,94,0,4,0,8,0
1794,0,0,0,0,0,0,109,0,3662,0,5001,0
1794,0,0,0,0,0,0,117,0,250,0,394,0
1794,1,0,0,0,0,2,146,0,22,0,162,0
1794,1,0,0,0,0,1,76,0,1309,0,1299,1
1794,1,0,0,0,0,0,192,0,5982,0,6438,30
1794,0,0,0,0,3,1,274,0,581,0,12,0
1794,0,1,0,0,0,0,118,0,2,0,9,0
1794,0,0,0,0,3,1,175,0,6460,0,2811,2
1794,0,0,0,0,0,1,131,0,807,0,1282,0
1794,1,0,0,0,0,0,113,0,1823,0,1759,0
1794,0,0,0,0,0,1,285,1,119939,0,3963,16
1794,0,0,0,0,0,3,95,0,597,0,986,1
1794,0,0,0,0,3,1,277,0,653,0,557,3
1794,0,0,0,0,0,3,288,0,3387,0,3116,0
1794,1,0,0,0,0,16,248,0,35,0,185,0
1794,0,0,0,0,0,0,99,0,14288,0,15075,0
1794,0,0,0,0,1,2,220,0,12442,0,2887,2
1794,0,0,0,0,0,1,135,0,141,0,683,1
1794,0,0,0,0,0,0,66,1,5683,0,674,2
1794,0,0,0,0,0,0,233,0,1479,0,1155,2
1794,0,0,0,0,0,0,174,0,54434,0,534,2
1794,0,0,0,0,0,1,294,0,1346,0,390,1
1794,0,0,0,0,1,0,144,0,1465,0,3364,1
1795,0,0,0,0,0,1,90,1,629159,0,3303,49
1795,0,0,0,0,0,1,281,0,199,0,541,1
1795,0,0,0,0,0,0,106,0,14288,0,15075,0
1795,0,0,0,1,0,0,147,0,3217,0,1620,27
1795,1,1,0,0,0,0,336,0,134,1,573,0
1795,0,0,0,0,0,0,109,0,130,0,2385,0
1795,1,0,0,0,0,0,197,0,428,0,201,0
1795,0,0,0,0,0,0,159,0,1683,1,2056,0
1795,0,0,0,0,0,2,227,0,130,0,888,12
1795,0,0,0,0,0,6,102,0,67,0,630,2
1795,1,0,0,0,0,1,198,0,0,0,20,1
1795,1,0,0,0,0,5,357,0,1,0,17,0
1795,0,0,0,0,0,6,314,0,2558,0,4723,0
1795,1,0,0,0,0,4,102,0,590,0,920,1
1795,0,0,0,0,0,1,96,0,309,0,164,1
1795,0,0,0,0,0,0,101,0,3833,0,4993,0
1795,1,0,0,0,0,1,27,0,861,0,722,0
1795,0,0,0,0,0,1,60,0,133,0,444,1
1795,1,0,0,0,0,0,126,0,3,0,22,0
1795,0,0,0,0,0,1,97,0,529,0,566,0
1795,0,0,0,0,0,1,77,0,5256,0,4752,0
1795,0,0,0,0,0,4,334,0,930,0,1790,1
1795,0,1,0,0,0,0,91,0,596,0,4205,0
1795,0,0,0,0,1,0,222,1,4787,0,842,1
1795,1,0,0,0,1,0,113,0,1,0,20,0
1795,1,0,0,0,0,3,247,0,455,0,1537,0
1795,1,0,0,0,0,7,183,0,10,0,95,0
1795,0,0,0,0,0,1,178,0,817,0,660,0
1795,0,0,0,0,0,0,213,0,1581,0,227,1
1795,0,0,0,0,0,1,66,0,569,0,1190,0
1795,1,0,0,0,0,0,117,0,36,0,234,0
1795,0,0,0,0,0,1,77,0,1256,0,1958,3
1795,1,0,0,0,1,4,333,0,558,0,478,0
1795,1,0,0,0,0,1,148,0,3,0,18,0
1795,1,0,0,0,0,4,209,0,67,0,248,0
1795,0,0,0,0,0,0,72,0,133,0,294,0
1795,0,0,0,0,0,1,192,0,3877,0,1635,0
1795,1,0,0,0,0,0,117,0,1823,0,1759,0
1795,0,0,0,0,0,0,273,0,3,0,331,0
1795,1,0,0,0,0,0,115,1,3545836,0,1236,5
1795,0,0,0,0,0,0,155,0,672,0,397,5
1795,0,0,0,0,0,1,106,0,705,0,815,0
1795,0,0,0,0,0,0,123,0,1701,0,1896,0
1795,0,0,0,0,0,3,101,0,10167,0,4589,2
1795,0,0,0,0,3,0,250,0,12,0,140,0
1795,1,0,1,0,0,0,268,0,172,0,387,2
1795,1,2,0,0,1,5,263,0,4893,0,5287,5
1795,1,0,0,0,0,0,61,0,645,0,1127,2
1795,1,0,0,0,0,3,323,0,118,0,437,0
1795,0,0,0,0,0,1,101,0,235,0,306,3
1795,1,0,0,0,0,4,121,0,2,0,6,0
1795,1,0,0,0,0,1,218,0,15,0,94,6
1795,0,0,0,0,0,1,292,0,296,0,901,1
1795,0,0,0,0,0,1,208,0,810,0,542,3
1795,0,0,0,0,0,0,103,0,324,0,310,9
1795,0,0,0,0,0,1,140,0,1262,0,2356,3
1795,0,0,0,0,12,0,241,0,3013,0,5001,4
1796,0,0,0,0,0,0,134,0,384,0,992,0
1796,0,0,0,0,0,0,187,0,130,0,2385,0
1796,0,0,0,0,0,0,119,0,52,0,289,0
1796,0,0,0,0,0,0,79,1,119692,0,3273,4
1796,0,0,0,0,0,1,260,0,2411,0,732,121
1796,1,0,0,0,0,0,168,0,51,0,175,1
1796,1,0,0,0,1,0,168,0,51,0,175,0
1796,0,0,0,0,1,1,267,0,29,0,57,0
1796,1,0,0,0,0,1,257,0,4,0,54,0
1796,1,0,0,0,0,0,31,0,22284,0,22818,3
1796,1,0,0,0,0,2,280,0,52,0,383,3
1796,0,1,0,0,0,1,155,0,298,0,673,0
1796,1,0,0,0,2,2,239,1,124497,0,1897,9
1796,1,0,0,0,0,0,92,0,3,0,0,0
1796,0,0,0,0,0,1,276,0,291,0,0,2
1796,1,0,0,0,0,1,190,0,61,0,212,0
1796,1,0,0,0,0,1,182,0,1,0,14,0
1796,0,0,0,0,1,0,68,0,2287,0,2355,2
1796,0,0,0,0,0,5,137,0,548,0,1185,2
1796,0,0,0,0,1,0,68,0,789,1,765,0
1796,1,0,0,0,0,3,316,0,21,0,97,1
1796,0,0,0,0,0,0,100,0,485,0,5008,0
1796,0,0,0,0,0,2,275,0,1359,0,1119,2
1796,0,0,0,0,0,4,171,0,16,0,237,7
1796,1,0,0,0,0,0,152,0,2,0,2,0
1796,1,0,0,0,0,0,184,0,8637,0,3630,0
1796,1,0,0,0,0,1,107,0,3051,0,2017,11
1796,0,0,0,0,0,1,293,0,869,0,2984,0
1796,1,0,0,0,0,0,177,0,385,0,244,0
2379,0,0,0,0,1,0,278,1,3233470,0,1240,85459
2531,1,1,0,0,0,0,130,1,2651870,0,543,43683
2309,0,0,0,0,2,0,300,1,3233470,1,1240,34007
443,1,0,0,0,0,0,246,1,520030,1,775,13953
413,0,0,0,0,0,0,259,1,308365,1,407,5460
450,1,1,0,0,0,0,91,1,648973,0,924,6191
2468,0,0,0,0,0,0,221,1,59427,0,3642,6034
553,0,1,0,0,2,0,272,1,7946794,0,1871,9822
398,1,2,0,0,0,0,195,1,3019540,0,1023,6324
426,1,1,0,0,0,0,151,1,2651870,0,543,7136
1277,1,0,0,0,0,1,118,1,803509,0,385,8036
739,0,0,0,0,2,0,138,1,59767,0,1884,803
451,0,1,0,0,0,0,53,1,2680,0,648,12774
2698,0,1,0,0,0,0,299,1,617443,0,924,23685
403,0,1,0,0,1,0,296,1,1261786,0,25,2108
3513,1,2,0,0,0,0,76,1,3019540,0,1023,30344
2977,0,0,0,0,0,0,287,1,59427,0,3642,818
3325,1,1,0,0,0,0,292,1,2651870,0,543,3250
3412,0,1,0,0,0,0,99,1,661424,0,2279,9623
12206,1,1,0,0,0,0,127,1,3019540,0,1023,38318
2770,0,0,0,0,3,0,154,1,9190111,0,344,292
10705,1,1,0,0,0,0,195,1,3019540,0,1023,27885
10697,1,2,0,0,0,0,182,1,1113000,0,853,27675
10706,1,1,0,0,0,0,97,1,2651870,0,543,46931
5076,1,1,0,0,0,0,140,1,2651870,0,543,22094
10693,1,1,0,0,0,0,249,1,14336745,0,876,10556
3264,1,1,0,0,0,1,199,1,1084785,0,433,3697
9112,0,0,0,0,1,0,273,1,3233470,0,1240,48310
12239,0,2,0,0,2,0,135,1,2501748,0,353,4253
12346,0,1,0,0,3,0,67,1,2501748,0,353,10319
12523,0,0,0,0,0,1,166,1,10008886,0,332,4250
12306,1,1,0,0,0,0,117,1,149384,0,1035,5402
12299,0,1,0,0,3,0,280,1,1261786,0,25,1001
12325,0,2,0,0,2,0,147,1,2501748,0,353,2544
12404,1,0,0,0,0,0,194,1,55169,0,1175,2032
12293,0,0,0,0,0,0,284,1,60699,1,1,366
12221,1,3,0,0,2,0,203,1,1377103,0,1103,1000
12354,0,1,0,0,5,0,224,1,51520,0,255,439
12355,0,0,0,0,3,0,58,1,10944464,0,680,3797
12329,0,0,1,0,0,0,45,1,275357,0,267,1535
12209,0,1,0,0,0,0,111,1,103753,0,1086,604
12297,0,1,0,0,2,1,183,1,628272,0,258,1502
12555,0,0,1,0,0,0,163,1,510071,0,10427,151
2379,0,0,0,0,1,0,278,1,3233470,0,1240,85459
2531,1,1,0,0,0,0,130,1,2651870,0,543,43683
2309,0,0,0,0,2,0,300,1,3233470,1,1240,34007
329,0,0,0,0,0,1,287,0,22,0,109,0
329,1,1,0,0,0,0,75,0,2177,0,889,0
329,0,0,0,0,0,1,204,0,274,0,310,0
329,0,0,0,0,0,1,106,0,102,0,266,0
329,1,0,0,0,0,1,93,0,216,0,463,0
329,0,0,0,0,0,0,177,0,253,0,583,0
329,1,0,0,0,0,1,98,0,778,0,702,1
330,0,0,0,0,0,0,70,0,1198,0,989,0
330,0,0,0,0,0,1,173,0,61,0,647,0
330,0,0,0,0,0,3,81,0,122,0,375,0
330,0,0,0,0,0,1,61,0,23,0,28,0
330,0,0,0,0,0,0,158,0,140,0,125,0
2531,1,1,0,0,1,0,141,0,148,0,18,3
2531,0,0,1,0,0,0,80,0,1891,1,526,31
2531,1,0,0,0,0,1,152,0,33,0,40,1
2531,0,0,0,0,0,2,276,0,1698,0,2324,0
2531,0,0,0,0,0,1,156,0,264,0,288,0
2531,0,0,0,0,0,2,55,0,90,0,2081,0
2531,1,0,0,0,0,1,162,0,3,0,44,0
2531,0,0,0,0,0,1,139,0,804,0,749,1
2531,0,1,0,0,2,0,148,0,5740,0,5770,1
2531,0,0,0,0,0,3,290,0,1698,0,2324,0
2531,0,0,0,0,0,2,275,0,1698,0,2324,0
2531,0,0,0,0,0,0,68,0,3727,0,1424,0
2531,0,0,0,0,0,2,275,0,1698,0,2324,0
2531,0,0,0,0,0,1,99,0,1812,0,2358,6
2532,0,0,0,0,0,0,68,0,14089,1,932,0
2532,0,0,0,0,0,2,270,0,1698,0,2324,0
2532,0,1,0,0,1,0,281,0,95,0,33,4
2532,0,0,0,0,0,0,49,0,420,0,520,1
2532,0,0,0,0,0,1,72,0,1128,0,526,0
2532,0,0,0,0,0,2,57,0,111,0,1459,1
2532,0,0,0,0,0,2,277,0,1698,0,2324,0
2532,1,0,0,0,0,0,121,0,1416,1,705,0
2532,1,0,0,0,0,1,80,0,56,0,189,5
2532,1,0,0,0,0,2,110,0,50,0,326,1
2532,0,0,0,0,0,2,281,0,1698,0,2324,0
2532,0,0,0,0,0,0,84,0,1080,0,1387,0
2532,0,1,0,0,0,0,136,1,43935,0,644,0
2532,0,0,0,0,0,1,233,0,19,0,26,0
2532,0,0,0,0,0,2,67,0,1358,0,1268,2
2533,1,0,0,0,0,0,169,0,308806,0,705,2088
2533,0,0,0,0,0,0,112,0,1812,1,2358,2
2533,1,0,0,0,0,1,229,0,27,0,149,1
2533,0,0,0,0,0,1,25,0,100,0,486,0
2533,1,1,0,0,0,1,187,0,67,0,1,17
2533,0,0,0,0,1,0,235,0,58,0,375,0
2533,0,0,0,0,0,1,131,0,1677,0,2036,0
2533,0,1,0,0,3,0,303,0,34552,0,35250,1
2533,0,0,0,0,0,6,328,0,1698,0,2324,0
2533,0,0,1,0,8,0,279,0,415,0,928,1
2533,1,0,0,0,0,0,149,0,774,0,361,1
2533,1,0,0,0,0,2,117,0,24,0,114,2
2533,0,0,0,0,1,2,106,0,1237,0,1289,1
2533,1,0,0,0,0,1,91,0,637,0,508,0
2534,0,0,0,0,0,2,280,0,1698,0,2324,0
2534,0,0,0,0,0,1,69,0,41,0,162,0
2534,1,1,0,0,3,0,147,0,1043,0,111,1
2534,0,0,0,0,0,0,52,0,1293,0,1175,1
2534,1,0,0,0,0,2,47,0,1039,0,441,0
2534,0,0,0,0,0,2,283,0,1698,0,2324,0
2534,1,0,0,0,0,1,46,0,94,0,632,0
2534,1,0,0,0,0,4,196,0,1,0,29,0
2534,1,0,0,0,0,1,120,0,637,0,508,0
2534,0,1,0,0,5,6,166,0,51,0,303,0
2534,0,0,0,0,0,0,102,1,714637,0,5166,180
2534,0,0,0,0,0,2,280,0,1698,0,2324,0
2534,1,0,0,0,0,0,84,0,203,0,737,0
2534,0,0,0,0,0,3,290,0,1698,0,2324,0
2534,1,0,0,0,0,1,134,0,14635,0,5808,1
2534,0,0,0,0,0,2,275,0,1698,0,2324,0
2535,0,0,0,0,0,2,279,0,1698,0,2324,0
2535,0,1,0,0,0,0,175,0,1629,0,880,2
2535,1,0,0,0,4,0,171,0,10342,0,8686,23
2535,1,0,0,0,0,0,61,0,5253,0,326,67
2535,0,0,0,0,0,3,294,0,1698,0,2324,0
2535,0,1,0,0,0,0,50,0,1435,0,976,2
2535,0,0,0,0,0,0,135,0,1490,0,889,0
2535,0,0,0,0,2,0,275,0,229,0,56,0
2535,1,0,0,0,0,1,93,0,2442,0,2470,1
2536,0,1,0,0,0,0,137,1,43935,0,644,2
2536,0,0,0,0,0,1,71,0,9,0,49,1
2536,0,0,0,0,0,0,220,0,2756,0,310,8
2536,0,0,0,0,1,1,136,0,14,0,1,0
2536,0,0,0,0,0,0,267,0,879,0,2155,0
2536,0,0,0,0,0,1,158,0,5,0,85,0
2536,1,0,0,0,0,0,125,0,154,0,382,0
2536,0,0,0,0,0,1,146,0,238,0,131,1
2537,1,0,0,0,0,4,124,0,0,0,53,1
2537,0,0,0,0,0,2,283,0,1698,0,2324,0
2537,1,0,0,0,0,1,64,0,282,0,110,0
2537,0,1,0,0,10,0,302,0,28,0,7,0
2537,1,0,0,0,0,0,193,0,1097,0,1087,0
2537,1,0,0,0,0,3,315,0,2453,0,3054,3
2537,1,0,0,0,0,0,121,0,1012,0,1496,0
2537,1,0,0,0,0,1,71,0,15,0,280,0
2537,0,0,0,0,0,0,90,0,113,1,680,4
2537,0,0,0,0,0,2,306,0,1698,1,2324,0
2537,1,0,0,0,0,0,211,0,99,0,101,1
2537,0,0,0,0,0,1,76,0,2449,0,170,1
2537,0,0,0,0,0,2,302,0,1698,1,2324,0
2537,0,0,0,0,0,0,99,0,9164,0,9361,2
2538,0,0,0,0,0,2,308,0,1698,1,2324,0
2538,1,0,0,0,0,5,347,0,166,0,290,0
2538,1,0,0,0,0,1,117,0,8,0,174,3
2538,1,0,0,0,0,0,206,0,3624,0,3006,34
2538,1,0,0,0,0,0,134,0,130,0,335,0
2538,0,0,0,0,0,1,95,0,123,0,1367,0
2538,0,0,0,0,0,1,235,0,211,0,350,3
2538,0,0,0,0,0,2,283,0,1698,0,2324,0
2538,1,0,0,0,0,1,38,0,590,0,672,0
2538,1,0,0,0,0,0,132,0,422,1,420,1
2538,0,0,0,0,0,0,51,0,147,1,295,0
2539,0,0,0,0,0,2,281,0,1698,0,2324,0
2539,0,0,0,0,0,2,268,0,10910,0,786,2
2539,1,0,0,0,0,0,125,0,1146,0,2070,8
2539,0,0,0,0,0,1,248,0,204,0,548,1
2539,0,0,0,0,0,0,107,0,506,1,382,1
2539,1,0,0,0,0,2,261,0,3580,0,2994,1
2539,0,0,0,0,1,1,279,0,1698,0,2324,0
2539,0,0,0,0,0,1,123,0,1378,0,1711,0
2539,0,0,0,0,1,0,268,0,227,1,734,0
2539,0,0,0,0,0,1,83,0,89,0,146,0
2540,0,0,0,0,0,1,57,0,525,0,2879,1
2540,0,0,0,0,0,0,84,0,179,1,242,0
2540,0,1,0,0,0,3,147,0,155,0,941,2
2540,1,0,0,0,0,2,52,0,0,0,44,0
2540,0,0,0,0,2,0,136,0,3009,0,2576,1
2540,1,0,0,0,0,2,263,0,41,0,458,0
2540,1,0,0,0,0,1,133,0,174,0,1018,0
2540,0,0,0,0,0,0,60,0,506,0,367,4
2540,0,0,0,0,0,0,44,0,1107,0,696,0
2540,0,0,0,0,0,1,179,0,164177,0,112,542
2540,0,0,0,0,0,1,92,0,1865,0,1848,1
2540,1,0,0,0,0,1,286,0,321,0,376,0
2540,0,0,0,0,5,0,183,1,39820,0,676,4
2540,1,1,0,0,3,1,172,0,516,0,95,10
2540,0,0,0,0,0,2,275,0,11,0,79,0
2540,1,0,0,0,0,0,107,0,1370,0,1377,0
2540,0,0,0,0,0,1,85,0,2449,0,170,0
2540,0,1,0,0,0,0,265,0,129,0,208,0
2540,1,0,0,0,0,0,160,0,278396,0,1,72
2540,0,0,0,0,0,0,163,0,4312,1,3911,0
2541,0,0,0,0,0,0,279,0,199,0,532,0
2541,1,1,0,0,0,0,114,0,74,0,65,0
2541,0,0,0,0,1,0,223,0,199,0,532,3
2541,0,0,0,0,2,0,124,1,14623,0,66,1
2541,0,0,0,0,1,1,124,0,313,0,187,0
2541,1,0,0,0,0,4,133,0,351,0,1167,2
2541,0,0,0,0,1,1,278,0,3,0,2,2
2541,1,2,0,0,0,0,160,0,1326,0,2749,44
2541,1,0,0,0,0,2,293,0,165,0,198,0
2541,0,0,0,0,0,0,95,0,12518,0,5342,0
2541,0,2,0,0,0,2,218,0,12518,0,5342,0
2541,1,0,0,1,0,0,191,0,1722,0,958,22
2541,0,0,0,0,0,0,95,0,12518,0,5342,0
2541,0,2,0,0,0,2,206,0,12518,0,5342,0
2541,0,0,0,0,0,0,95,0,12518,0,5342,0
2541,0,2,0,0,0,1,235,0,12518,0,5342,0
2541,0,0,0,0,0,0,95,0,12518,0,5342,0
2541,0,2,0,0,0,1,231,0,12518,0,5342,0
2541,0,0,0,0,0,0,241,0,12518,0,5342,2
2542,0,0,0,0,0,1,255,0,884,0,456,1
2542,0,0,0,0,0,0,87,0,1249,1,1055,2
2542,0,0,0,0,0,3,163,0,163,0,179,2
2542,0,2,0,0,0,1,171,0,338,0,640,9
2542,1,0,0,0,0,0,130,0,51593,0,38920,14
2542,0,0,0,0,0,1,56,0,164,0,97,4
2542,0,1,0,0,0,1,300,0,44475,0,974,1
2543,0,1,0,0,0,0,121,0,928,0,1243,1
2543,0,0,0,0,0,0,54,0,3299,0,858,0
2543,0,1,0,0,2,0,273,0,10668,0,11898,0
2543,1,0,0,0,0,1,174,0,14,0,384,0
2543,0,0,0,0,0,1,85,0,356,0,1183,0
2543,1,0,0,0,0,0,92,0,1371,1,2807,4
2543,0,1,0,0,4,1,200,0,819,0,1247,0
2543,0,0,1,0,1,0,123,1,59172,0,985,4
2543,0,0,0,1,0,2,110,0,223,0,455,7
2543,0,1,0,0,0,0,190,0,3885,0,2165,5
2543,0,0,0,0,0,0,95,0,752,1,2003,0
2544,0,0,0,0,0,0,261,0,147,0,540,4
2544,1,0,0,0,1,0,80,0,0,0,7,0
2544,0,0,0,0,0,0,40,0,483,0,796,0
2544,0,0,0,0,0,0,170,0,3339,0,1218,70
2544,1,0,0,0,0,1,286,0,753,0,1414,0
2544,1,1,0,0,0,0,175,0,4,0,0,0
2544,0,0,0,0,0,0,208,0,615,0,891,0
2544,1,0,0,0,0,1,182,0,61,0,320,0
2544,0,0,0,0,0,0,69,0,158,1,159,1
2544,0,0,0,0,0,0,122,0,1587,0,239,2
2544,0,1,0,0,0,0,304,0,1377,0,2455,0
2544,1,0,0,0,0,0,296,1,24556,1,6333,41
2544,1,0,0,0,0,0,159,0,9582,1,9828,0
2544,0,0,0,0,0,1,295,0,634,0,1360,25
2544,1,0,0,0,0,1,101,0,316,0,430,1
2545,0,0,0,0,0,1,63,0,51,0,251,0
2545,0,0,0,0,0,0,39,0,570,1,471,0
1060,0,0,0,0,0,0,255,1,37602,0,1703,2967
1009,1,0,0,0,0,0,193,1,273854,0,2622,8898
2152,0,0,0,0,0,0,261,1,138132,0,503,3846
491,0,1,0,0,1,0,301,1,38359,0,3187,951
2626,0,1,0,0,4,1,302,1,115945,0,9292,1592
803,0,1,0,0,2,0,183,1,125655,0,8778,757
2172,0,0,0,0,0,0,144,1,800621,0,306,519
1182,0,0,0,0,0,0,279,1,9182,1,3898,300
2225,0,1,0,0,0,0,181,1,115511,0,305,725
996,1,1,0,0,0,0,152,1,18572,0,731,421
831,0,0,0,0,0,0,133,1,29541,1,6215,672
860,0,0,0,0,0,0,268,1,1111538,0,783,884
1983,0,0,0,0,0,0,287,1,27202,0,2643,749
1285,0,1,0,0,3,1,303,1,115945,0,9292,278
2995,1,0,0,1,0,0,308,1,98947,0,98358,2672
2680,0,0,1,0,2,1,302,1,8961,0,2516,165
3213,0,2,0,0,1,0,299,1,266678,0,490,1673
2629,0,0,0,0,1,0,206,1,14267,0,2006,35
3323,1,0,0,0,0,0,217,1,60145,0,271,1155
3259,1,0,0,0,0,0,143,1,1467068,0,110,505
10829,1,0,0,0,0,0,271,1,8693960,0,68539,10321
3498,0,4,0,0,1,1,308,1,808128,0,55290,1581
3662,1,0,0,0,0,0,281,1,47907,0,310,5429
3399,0,0,0,0,0,0,147,1,542864,0,141,2279
4696,0,1,0,0,1,0,266,1,169929,0,3317,19084
7762,1,3,0,0,0,0,77,1,601452,0,8444,14980
5965,0,0,0,0,0,0,23,1,164140,0,2011,8569
3100,0,0,0,0,1,1,296,1,99028,1,4143,135
2994,1,0,0,0,1,0,149,1,98947,0,98358,249
12375,0,0,0,0,1,0,143,1,555380,0,126,2376
10960,0,0,0,0,0,0,307,1,66522,1,2997,658
12525,0,0,0,0,0,0,301,1,796255,1,1821,1480
11350,0,0,0,0,0,1,277,1,8961,0,2516,341
11270,0,0,0,0,0,1,241,1,6520,0,1365,311
10855,0,0,0,0,0,0,280,1,280927,0,717,705
12338,0,0,0,0,0,0,276,1,1617991,0,985,774
11438,0,1,0,0,1,0,234,1,115945,0,9292,273
11020,0,0,0,0,0,0,66,1,555380,0,126,822
10948,0,0,0,0,2,1,301,1,8845,1,912,203
11027,0,0,0,1,0,3,278,1,41980,0,1533,141
12250,0,0,0,0,0,0,263,1,193582,0,1387,941
10894,0,0,0,0,0,0,171,1,66522,1,2997,389
11506,0,1,0,0,2,0,291,1,8845,0,912,203
12336,0,2,0,0,0,1,303,1,1617991,0,985,439
12531,0,1,0,0,1,1,298,1,157910,0,4069,315
12549,0,1,0,0,1,1,295,1,158278,0,5568,44
12549,0,1,0,0,0,0,108,1,6952,0,1873,72
1060,0,0,0,0,0,0,255,1,37602,0,1703,2967
1009,1,0,0,0,0,0,193,1,273854,0,2622,8898
2152,0,0,0,0,0,0,261,1,138133,0,503,3846
329,0,0,0,0,0,1,161,0,81,0,314,0
329,1,0,0,0,0,0,20,0,266,0,335,0
329,0,0,0,0,0,1,240,0,262,0,341,0
329,0,2,0,0,0,0,117,0,425,0,362,0
329,0,0,0,0,0,1,33,0,679,0,531,0
329,1,0,0,0,0,0,262,0,0,0,119,0
329,0,1,0,0,4,1,99,0,407,0,107,0
329,0,0,0,0,0,3,317,0,32,0,352,0
329,1,0,0,0,0,0,164,0,1939,0,2525,0
329,0,0,0,0,10,0,162,0,859,0,607,0
329,0,0,0,0,0,2,82,0,77,0,1257,0
329,1,0,0,0,4,2,168,0,9,0,16,0
2152,0,0,0,1,20,0,301,0,31202,0,88752,0
2152,0,1,0,0,2,0,299,0,1029,0,505,7
2152,0,0,1,0,0,0,41,0,841,0,836,0
2152,0,0,0,1,20,0,301,0,31202,0,88752,0
2152,1,0,0,0,0,1,116,0,132,0,450,0
2152,0,0,1,0,20,0,301,0,31202,0,88752,0
2152,1,0,0,0,1,9,178,0,762,0,514,5
2153,0,0,0,0,1,1,255,0,1934,1,1010,1
2153,0,4,0,0,8,0,276,0,8801,0,1842,53
2153,0,0,1,0,20,0,301,0,31202,0,88752,0
2153,0,0,0,0,0,0,304,0,58,1,100,0
2153,1,0,0,0,0,1,95,0,5,0,13,1
2153,0,1,0,0,1,0,280,0,273,0,220,5
2153,1,0,0,0,0,1,290,0,56,0,101,0
2154,1,0,0,0,0,0,279,0,9,0,22,1
2154,0,0,0,1,20,0,301,0,31202,0,88752,0
2154,1,0,0,0,0,0,107,0,1844,0,1137,28
2154,0,0,0,0,0,5,273,0,37,0,131,1
2154,1,0,0,0,0,1,235,0,1,0,12,0
2154,0,0,1,0,20,0,301,0,31202,0,88752,0
2154,0,0,0,0,0,5,183,0,891,0,1090,1
2154,0,0,0,0,0,3,82,0,105,0,269,1
2154,0,0,0,0,0,1,110,0,3351,0,1204,1
2154,0,0,1,0,20,0,301,0,31202,0,88752,0
2154,1,0,0,0,0,1,291,0,4,0,53,0
2154,1,0,0,0,0,1,19,0,1984,0,1714,0
2154,1,1,0,0,0,0,129,0,68,0,89,1
2154,1,0,0,0,15,1,277,0,202,0,1775,3
2155,0,0,0,0,0,1,131,0,374,0,877,1
2155,0,1,0,0,2,0,146,0,4353,0,243,1
2155,0,0,0,0,2,0,277,1,84689,0,2156,11
2155,0,0,0,0,0,1,94,0,358,0,1547,0
2155,0,0,0,0,9,0,227,0,3980,0,3987,20
2155,0,0,0,1,20,0,301,0,31202,0,88752,0
2155,1,0,1,0,2,5,312,0,1233,0,887,91
2155,1,0,0,0,0,3,161,0,301,0,742,0
2155,1,0,1,0,0,4,144,0,3,0,21,2
2155,0,0,0,0,5,0,209,0,595,0,396,0
2155,0,0,0,0,0,1,27,0,863,0,699,1
2155,0,0,0,0,0,1,148,0,1371,0,338,0
2155,1,0,0,0,0,0,217,0,776,0,487,9
2155,0,0,0,0,0,3,237,0,200,0,175,13
2155,1,0,0,0,1,0,241,0,32,0,120,1
2155,0,0,0,0,0,1,210,0,213,0,249,1
2155,0,0,0,0,0,20,303,0,599,1,333,2
2155,1,0,0,1,1,0,183,0,32,0,120,0
2155,0,0,0,0,0,1,273,0,1541,0,1765,0
2156,1,0,0,0,15,1,277,0,202,0,1775,3
2156,1,0,0,0,0,0,28,0,462,0,558,1
2156,0,0,0,0,14,0,275,0,88,0,273,0
2156,1,0,0,0,0,0,279,0,996,0,378,2
2156,0,0,0,0,0,1,45,0,582,0,305,1
2156,0,0,0,0,0,4,299,0,230,0,154,0
2156,1,0,0,0,0,0,301,1,98947,1,98358,329
2156,1,0,0,0,0,4,337,0,16,0,154,0
2156,0,0,0,0,0,0,167,0,1013,0,680,13
2156,0,0,0,0,0,1,210,0,4677,0,5050,1
2156,0,0,0,0,0,1,156,0,76,0,143,12
2156,0,1,0,0,8,0,269,0,250,0,255,37
2156,0,0,0,0,0,0,152,0,129,1,272,3
2156,0,0,0,0,0,1,303,0,512,0,735,0
2156,0,0,0,0,0,1,61,0,5550,0,1573,1
2156,1,1,0,0,9,0,253,0,505,0,255,1
2156,1,0,0,0,2,0,170,0,1483,0,902,2
2157,1,0,0,0,0,0,129,0,102,0,791,1
2157,0,0,0,0,0,3,303,0,223,0,2068,0
2157,0,0,0,0,0,4,167,0,432,0,729,3
2157,0,0,0,0,0,2,94,0,7417,0,7814,2
2157,0,0,0,0,0,2,210,0,68,0,905,3
2157,0,0,0,0,0,1,94,0,7097,0,6320,0
2157,0,0,0,0,0,1,272,0,938,0,2035,0
2157,0,0,0,0,0,2,207,0,1404,0,1460,0
2157,0,0,0,0,2,2,253,0,294,0,174,0
2157,1,0,0,0,0,0,266,0,39,0,283,0
2157,0,0,0,0,0,0,173,0,105,0,344,2
2157,0,1,0,0,14,0,252,1,7180,0,468,14
2158,0,0,0,0,1,0,246,0,1334,0,694,3
2158,0,0,0,0,0,0,98,0,395,0,3286,0
2158,0,0,0,0,0,2,61,0,768,0,2244,1
2158,0,0,0,0,0,0,117,1,241222,0,1165,19
2158,0,0,0,0,4,1,130,0,2182,0,380,0
2158,0,1,0,0,0,0,160,0,119,0,104,4
2158,0,0,0,0,0,1,57,0,100,0,270,2
2158,0,0,0,0,0,1,84,0,68,0,450,1
2158,0,0,0,0,0,0,182,0,342,0,338,3
2158,0,0,0,1,20,0,301,0,31202,0,88752,0
2158,0,0,0,0,5,0,134,1,62355,0,370,3
2158,0,0,0,1,20,0,301,0,31202,0,88752,0
2158,0,0,0,0,0,0,222,0,70,0,122,1
2159,0,0,0,0,0,1,245,0,741,0,809,1
2159,0,0,0,1,20,0,301,0,31202,0,88752,0
2159,0,1,0,0,2,0,108,1,34061,0,2541,3
2159,0,0,0,0,0,6,117,0,23,0,127,0
2159,0,0,0,0,13,1,196,0,93,0,796,3
2159,0,0,0,0,0,1,122,0,1344,0,1494,1
2159,0,0,0,0,0,3,267,0,6,0,74,0
2159,0,0,0,0,0,3,64,0,80,0,1287,0
2159,0,0,1,0,20,0,301,0,31202,0,88752,0
2159,1,0,0,0,0,3,231,0,0,0,84,4
2159,0,0,1,0,20,0,301,0,31202,0,88752,0
2160,1,0,0,1,0,0,83,0,567,0,426,5
2160,0,0,0,0,0,1,238,0,560,0,284,0
2160,0,0,0,0,5,0,168,0,162,0,240,0
2160,0,0,0,0,0,1,41,0,1051,0,979,0
2160,0,0,0,0,0,2,273,1,117743,0,421,0
2160,1,0,0,0,0,1,283,0,19,0,143,0
2160,0,0,0,1,20,0,301,0,31202,0,88752,0
2160,0,0,0,0,1,1,42,0,416,0,347,1
2160,0,0,0,1,20,0,301,0,31202,0,88752,0
2160,0,1,0,0,0,0,202,0,4537,0,2158,7
2160,1,0,0,0,0,3,157,0,359,0,171,0
2160,1,0,0,0,0,0,140,0,19,0,9,0
2160,0,0,0,1,20,0,301,0,31202,0,88752,0
2160,0,0,0,0,0,0,138,0,142705,0,98725,16
2160,0,0,1,0,20,0,301,0,31202,0,88752,0
2161,1,0,0,0,0,1,189,0,1,0,0,0
2161,0,0,0,0,0,4,299,0,48,0,158,0
2161,0,0,0,0,3,1,184,0,6460,0,2811,2
2161,0,0,0,0,0,4,225,0,512,0,946,1
2161,1,0,0,0,0,1,170,0,23,0,86,0
2161,0,0,0,1,20,0,301,0,31202,0,88752,0
2161,1,0,0,0,0,1,148,0,105,0,144,0
2161,1,0,0,0,0,3,272,0,0,0,17,2
2162,1,0,0,0,0,4,202,0,12,0,58,0
2162,0,0,0,0,0,5,215,0,37,0,131,0
2162,0,0,1,0,20,0,301,0,31202,0,88752,0
2162,0,0,0,0,0,1,106,0,475,0,534,1
2162,1,1,0,0,3,0,85,0,15,0,40,3
2162,0,0,0,1,20,0,301,0,31202,0,88752,0
2162,0,0,0,0,3,0,143,0,226,1,226,1
2162,1,0,0,0,0,0,40,0,22761,0,21293,7
2162,0,0,0,0,1,0,87,0,86,0,235,1
2162,0,0,0,0,0,1,222,0,451,0,871,0
2162,0,0,0,0,0,1,71,0,1173,0,820,0
2162,1,0,0,0,0,1,262,0,6,0,14,0
2162,0,0,0,0,0,1,65,0,1177,0,3153,1
2163,0,0,1,0,20,0,301,0,31202,0,88752,0
2163,0,0,1,0,20,0,301,0,31202,0,88752,0
2163,0,0,0,0,0,1,207,0,2241,0,575,22
2163,0,0,0,0,0,0,277,0,1808,0,4564,0
2163,1,0,0,0,0,4,126,0,188,0,1061,1
2163,0,0,0,0,0,1,142,0,620,0,717,0
2163,1,0,0,0,0,1,225,0,150,0,285,0
2163,0,0,0,0,1,0,247,0,295,0,1635,5
2163,1,0,0,0,2,2,164,0,126,0,838,0
2163,0,0,0,1,20,0,301,0,31202,0,88752,0
2163,0,0,0,0,0,1,169,0,564,0,1074,0
2164,0,0,0,0,0,1,136,0,741,0,809,1
2164,0,0,0,1,20,0,301,0,31202,0,88752,0
2164,1,0,0,0,0,1,231,0,4,0,10,1
2164,0,0,0,0,0,1,113,0,735,0,1190,16
2164,0,0,0,0,0,1,225,0,2069,0,889,0
2164,1,0,0,0,0,0,113,0,8,0,1,0
2164,0,0,0,0,0,1,172,0,1218,0,3043,1
2164,1,0,0,0,0,1,215,0,23,0,27,0
2164,0,1,0,0,10,0,303,0,96820,0,82744,32
2164,0,0,1,0,20,0,301,0,31202,0,88752,1
2164,0,1,0,0,0,0,106,0,846,0,911,18
2164,0,0,0,0,0,2,208,0,8,0,64,9
2164,0,0,0,0,0,1,192,0,263,0,152,0
2164,0,0,0,0,0,1,142,0,95,0,465,0
2164,0,0,0,0,0,3,319,0,223,0,2068,0
2164,0,0,0,0,7,0,283,0,170,0,1039,0
2164,1,0,0,0,0,1,70,0,106,0,152,2
2165,1,0,0,0,0,1,32,0,17,0,27,0
2165,1,1,0,0,10,0,208,0,927,0,762,1
2165,0,0,0,0,0,0,107,0,2238,0,1064,1
2165,0,0,0,0,1,3,281,0,2073,1,1746,3
2166,0,0,0,0,1,1,149,0,5344,1,297,5
2166,0,0,0,0,0,1,293,0,39,0,195,1
2166,1,0,0,0,4,5,303,0,111,1,130,2
2166,1,0,0,0,0,1,121,0,143,0,108,1
2166,1,0,0,0,0,2,105,0,41029,0,40982,1
2166,0,0,0,0,2,0,131,0,226,0,75,0
2166,0,0,0,0,0,0,187,0,2405,1,3470,2
2166,1,0,0,0,0,1,258,0,46,0,141,2
2166,0,0,0,0,0,0,64,0,128,0,145,0
2166,1,0,0,0,0,1,292,0,0,0,84,1
2166,0,1,0,0,1,0,259,0,12308,0,1809,9
2166,0,0,0,0,17,0,272,0,5022,0,374,0
2166,0,0,0,0,0,1,38,0,988,0,478,1
2166,0,0,0,0,2,0,141,0,1539,1,77,2
2167,1,0,0,0,0,1,238,0,1,0,29,2
2167,0,0,0,0,1,0,100,1,241222,0,1165,13
2167,1,0,0,0,0,0,115,0,3820,0,1013,0
2293,1,1,0,0,0,1,152,1,37706805,0,732,60442
2943,0,1,0,0,0,0,156,1,1726256,0,52,38978
2118,0,0,0,0,0,1,232,1,1245231,0,477,8487
2108,1,1,0,0,0,2,186,1,9784640,0,697,24839
2969,1,2,0,0,0,0,138,1,410158,0,2084,39621
2032,1,1,0,0,0,2,126,1,840772,0,894,11698
2942,1,1,0,0,0,1,153,1,36999472,0,360,19697
714,0,0,0,0,0,1,223,1,1245231,0,477,9035
849,0,1,0,0,0,0,271,1,950544,0,5038,3456
670,1,4,0,0,0,0,285,1,173168,0,85,5654
710,0,0,0,0,0,0,294,1,1245231,1,477,9523
2239,0,1,0,0,0,0,185,1,236099,0,226,2557
2287,0,1,0,0,0,1,139,1,7043475,0,696,7025
2114,0,1,0,0,0,1,221,1,70332,0,3072,4881
1961,0,0,0,0,0,0,161,1,738105,0,677218,11922
2971,1,1,0,0,3,1,135,1,33597752,0,1825,17029
2984,1,0,1,0,0,1,62,1,37706805,0,732,5744
2980,0,0,0,0,0,0,71,1,1435354,0,5626,3540
2971,1,1,0,0,0,0,51,1,144307,0,2070,2929
3242,0,0,0,0,0,0,178,1,738105,0,677218,12230
2973,0,0,0,0,0,0,156,1,1435354,0,5626,3068
2985,1,0,1,0,0,2,130,1,33597752,0,1825,2184
2973,0,0,0,0,0,0,80,1,174208,0,217,2023
2998,0,0,0,0,0,0,165,1,2003513,0,3294,3030
2976,1,0,0,0,0,0,56,1,111684,0,1992,2000
3392,1,1,0,0,0,0,95,1,9784640,0,697,34981
3079,1,0,1,0,1,0,115,1,33597752,0,1825,2056
2972,0,0,0,0,0,0,72,1,42182,0,1797,768
3171,1,1,0,0,0,1,211,1,744649,0,80,3071
3398,0,0,0,0,0,0,80,1,1245231,0,477,24274
9203,1,1,0,0,0,1,111,1,37706805,0,732,70974
9210,0,0,0,0,0,0,127,1,4751751,0,1648,71249
7682,0,0,0,0,0,0,259,1,4751751,0,1648,56645
9200,1,1,0,0,0,1,105,1,36999473,0,360,54565
9403,0,2,0,0,0,0,77,1,162894,0,3616,71297
4782,1,0,1,0,0,2,174,1,37706805,0,732,25122
4317,1,0,1,0,0,1,73,1,9784640,0,697,34330
3598,0,0,0,0,0,0,168,1,1245231,0,477,8872
10305,1,1,0,0,0,0,101,1,410158,0,2084,27248
9398,1,1,0,0,0,0,54,1,9784640,0,697,34565
10134,1,1,0,0,0,0,115,1,37706805,0,732,70999
4739,1,0,1,0,0,1,194,1,9784640,0,697,19355
10122,1,1,0,0,2,1,80,1,33597752,0,1825,22541
3762,0,0,1,0,0,0,245,1,950544,0,5038,3962
12000,0,0,0,0,0,0,279,1,4751751,0,1648,38831
11828,0,0,0,0,0,0,209,1,1245231,0,477,26094
10447,0,0,0,0,0,0,81,1,457707,0,466,24725
10769,0,0,0,0,0,0,208,1,759761,0,425,7056
10498,1,2,0,0,1,0,160,1,1511472,0,57,5185
11827,1,1,0,0,0,0,155,1,14397,0,403,6182
11565,1,0,1,0,1,0,69,1,33597752,0,1825,17520
11561,1,0,1,0,1,1,83,1,37706805,0,732,10256
11795,0,0,0,0,0,0,187,1,418171,0,2077,13305
10314,1,3,0,0,0,0,53,1,9784640,0,697,19335
10313,1,1,0,0,1,3,141,1,33597752,0,1825,9205
10971,1,0,1,0,0,0,168,1,37706805,0,732,11143
10988,0,1,0,0,0,0,279,1,950544,0,5038,3836
10914,0,0,0,0,0,0,102,1,5684877,0,915,1429
11936,1,1,0,0,0,1,170,1,9784640,0,697,10224
12108,1,4,0,0,0,1,165,1,9784640,0,697,3809
12025,1,0,1,0,1,2,221,1,33597752,0,1825,5289
12449,1,0,0,0,0,0,185,1,556560,1,4476,2136
12285,1,0,1,0,2,1,223,1,1511472,0,57,1647
12283,0,1,0,0,0,0,157,1,444942,0,1012,4465
12130,1,0,1,0,2,3,243,1,131204,0,1299,1132
12421,1,1,0,0,2,2,120,1,33597752,0,1825,6172
12475,1,2,0,0,2,2,123,1,33597752,0,1825,3588
12008,1,1,0,0,0,1,203,1,422206,0,1605,1908
12260,0,1,0,0,0,1,131,1,793453,0,3187,1364
12515,0,1,0,0,0,0,213,1,2003513,0,3294,849
12229,1,4,0,0,0,0,180,1,225857,1,19,783
12554,0,0,0,0,0,0,81,1,776872,0,7497,540
12326,0,0,1,0,0,0,201,1,950544,0,5038,1478
12280,0,0,1,0,0,1,174,1,950544,0,5038,890
2293,1,1,0,0,0,1,152,1,37706806,0,732,60442
2943,0,1,0,0,0,0,156,1,1726256,0,52,38978
2118,0,0,0,0,0,1,232,1,1245231,0,477,8487
328,0,0,0,0,3,0,121,0,4981,0,27,0
328,0,0,0,0,0,2,56,0,3857,1,4596,0
328,1,0,0,0,0,2,120,0,6,0,21,0
328,0,0,0,0,0,0,280,0,1430,1,620,0
328,1,1,0,0,6,3,312,0,767,0,536,0
328,0,0,0,0,0,1,225,0,1376,0,999,0
328,0,0,0,0,0,3,285,0,358,0,365,0
329,1,1,0,0,1,1,136,0,3750,0,3980,0
329,0,0,0,0,0,0,139,0,2824,0,416,0
329,0,0,0,0,0,7,219,0,610,0,697,0
329,1,0,0,0,0,0,76,0,0,0,49,0
329,0,0,0,0,0,3,97,0,121,0,110,0
2943,0,0,0,0,0,1,240,0,33,0,79,1
2943,0,0,0,0,0,0,123,0,3027,0,2316,0
2943,0,0,0,0,0,0,274,1,3020,0,1381,26
2943,0,0,0,0,0,0,226,0,487,0,525,0
2943,0,0,0,0,0,4,93,0,263,0,671,2
2943,0,0,0,0,0,1,242,0,1774,0,1126,5
2943,0,0,0,1,1,1,110,0,360,0,308,0
2943,0,0,0,0,0,0,287,0,622,1,1834,12
2943,0,0,0,0,0,1,105,1,4452,1,2214,1
2943,0,0,0,0,0,1,153,0,437,0,610,0
2943,0,0,0,0,0,2,78,0,173,0,186,0
2943,0,0,0,0,2,1,145,0,2247,0,3064,1
2943,1,0,0,0,0,2,191,0,56,0,215,1
2943,0,0,0,0,0,0,262,0,181,0,256,0
2943,0,0,0,0,0,0,104,0,131,0,53,2
2943,1,0,0,0,0,1,250,0,3,0,7,0
2943,0,0,0,0,0,0,56,0,82,0,137,1
2943,0,0,0,0,0,3,106,0,44,0,619,1
2943,1,0,0,0,0,3,69,0,46,0,67,0
2943,1,0,0,0,5,0,69,0,16,0,58,0
2943,1,0,0,0,0,0,201,0,412,0,2179,255
2943,1,0,0,0,1,0,98,0,333,0,75,2
2943,1,0,0,0,2,0,139,0,29,0,48,0
2943,1,0,0,0,3,0,249,0,111,1,376,0
2943,1,0,0,0,0,1,243,0,441,0,771,0
2943,1,0,0,0,0,3,140,0,43,0,240,8
2943,1,0,0,0,0,9,278,0,62,0,166,0
2943,0,0,0,0,0,0,71,0,620,0,327,3
2943,0,0,0,0,0,0,29,0,2337,0,1151,3
2943,0,0,1,0,3,1,70,0,88,0,65,1
2943,0,0,0,0,1,6,341,0,294,0,993,0
2943,1,0,0,0,0,0,129,0,1133,1,607,48
2943,0,0,0,0,0,0,84,0,3252,1,917,1
2943,0,0,0,0,0,1,97,0,1115,0,953,0
2943,1,0,0,0,3,1,90,0,24,0,1605,0
2943,0,0,0,0,0,0,132,0,2256,0,2113,36
2943,1,0,0,0,0,2,208,0,74,0,116,2
2943,1,0,0,0,0,1,22,0,51,0,212,0
2943,0,0,0,0,0,1,264,0,1255,0,914,1
2943,0,0,0,0,0,1,253,0,179,0,1843,0
2943,0,0,0,0,0,0,111,0,1254,0,1723,0
2943,0,0,0,0,0,0,80,0,417,0,634,0
2943,0,0,0,0,0,0,96,0,1254,0,1723,1
2943,0,0,0,0,0,0,103,0,1254,0,1723,0
2943,0,0,0,0,0,2,90,0,37,0,147,0
2943,1,0,0,0,0,0,123,0,386,0,161,0
2943,1,0,0,0,0,1,207,0,35,0,253,0
2943,0,0,0,0,0,1,155,0,1055,1,691,1
2943,0,0,0,0,0,0,124,0,1254,0,1723,0
2943,0,0,0,0,1,0,272,0,9,0,61,0
2943,0,0,0,0,0,0,101,0,1254,0,1723,0
2943,1,0,0,0,0,2,121,0,4,0,69,0
2943,1,0,0,0,0,0,148,1,297826,0,6541,12
2943,1,0,0,0,0,0,67,0,33,0,632,0
2943,0,0,0,0,0,2,93,0,174,0,89,0
2943,0,0,0,0,0,0,62,0,475,0,674,0
2943,0,0,0,0,3,6,191,0,559,0,2679,1
2943,0,0,0,0,0,3,179,0,667,0,632,0
2943,0,0,0,0,2,1,125,0,1385,0,1374,0
2943,0,0,0,0,0,2,107,0,292,0,572,1
2943,0,0,0,0,0,2,195,0,44,0,230,2
2943,0,0,0,0,1,0,143,0,9749,0,8145,1
2943,0,0,0,0,0,0,64,0,577,1,1252,0
2943,0,0,0,0,0,1,192,0,1111,0,2547,0
2943,1,0,0,0,0,1,103,0,197,0,237,0
2943,0,0,0,0,0,0,63,0,3835,0,2173,1
2943,0,0,0,0,0,0,64,0,202,0,202,1
2943,0,0,0,0,0,0,91,0,1028,1,312,0
2943,0,0,0,0,0,0,280,0,135,0,179,6
2943,0,0,0,0,0,4,194,0,677,0,777,0
2943,0,0,0,0,0,0,90,0,1005,0,406,2
2943,0,0,0,0,0,0,139,0,1286,0,1450,0
2943,1,0,0,0,1,0,65,0,344,0,485,0
2943,0,0,0,0,0,2,47,0,13,0,397,2
2943,1,0,0,0,0,1,167,0,5,0,1,1
2943,1,0,0,0,4,2,177,0,213,0,1862,0
2943,1,0,0,0,0,1,123,0,872,0,799,0
2943,0,0,0,0,0,2,19,0,1694,0,1442,0
2943,0,0,0,0,0,3,299,0,69,0,170,0
2943,1,0,0,0,0,1,82,0,30717,0,819,10
2943,1,0,0,0,0,1,204,0,35,0,253,0
2943,0,0,0,0,0,2,241,0,298,0,163,0
2943,1,0,0,0,0,4,159,0,339,0,573,3
2943,1,0,0,0,0,0,142,0,432,0,961,1
2943,1,0,0,0,0,0,143,0,546,0,1485,8
2943,0,0,0,0,0,0,71,0,2,0,77,0
2943,0,0,0,0,0,1,62,0,731,0,920,0
2943,0,0,0,0,1,0,59,0,893,0,1269,0
2943,1,0,0,0,0,0,28,0,277,1,454,0
2943,0,0,0,0,0,0,113,0,2564,0,1406,1
2943,0,0,0,0,3,0,268,0,1495,0,2152,0
2943,0,0,0,0,4,0,170,0,2343,0,882,3
2943,0,3,0,0,0,0,187,0,350,0,397,4
2943,0,0,0,0,0,0,145,0,872,1,592,0
2943,0,0,0,0,0,1,21,0,3069,0,2653,0
2943,0,0,0,0,0,0,97,0,91,0,325,0
2943,0,0,0,0,1,0,130,0,3808,0,2377,80
2943,1,0,0,0,0,0,64,0,675,0,3456,0
2943,1,0,0,0,1,0,114,0,137,0,354,0
2943,1,0,0,0,0,1,58,0,964,0,2782,1
2943,1,0,0,0,0,2,76,0,144,0,194,0
2943,1,0,0,0,1,0,66,0,1467,0,684,0
2943,1,0,0,0,0,1,73,0,280,0,519,1
2943,0,0,0,0,1,1,112,0,96,0,295,0
2943,0,0,0,0,0,1,201,1,11686,0,2256,1
2943,0,0,0,0,0,0,50,0,519,0,520,0
2943,0,0,0,0,0,0,40,0,731,0,648,1
2943,0,0,0,0,0,2,52,0,23,0,99,0
2943,0,0,0,0,0,3,317,0,129,0,475,2
2943,1,0,0,0,0,1,133,0,156,0,151,0
2943,0,0,0,0,0,1,64,0,147,0,301,0
2943,0,0,0,0,5,1,129,0,10,0,18,0
2943,1,0,0,0,0,0,158,0,16,0,100,0
2943,0,0,0,0,0,2,36,0,2347,0,1437,2
2943,0,0,0,0,0,1,280,0,87586,0,393,121
2943,1,0,0,0,1,0,98,0,8,0,17,0
2943,0,0,0,0,4,1,134,0,2002,1,4996,0
2943,0,0,0,0,0,4,181,0,27,0,141,1
2943,1,0,0,0,0,0,23,0,572,0,550,0
2943,1,0,1,0,0,0,68,0,116,0,6,3
2943,0,0,0,0,0,5,125,0,29,0,134,5
2943,1,0,0,0,0,1,76,0,91,0,149,0
2943,1,0,0,0,0,3,74,0,0,0,128,35
2943,0,0,0,0,0,1,34,0,85,0,356,0
2943,0,0,0,0,0,2,41,0,0,0,30,0
2943,0,0,0,0,0,1,78,0,248,0,397,0
2943,0,1,0,0,2,0,261,0,180,0,1030,0
2943,0,0,0,0,0,0,55,0,709,0,639,0
2943,0,0,0,0,0,0,165,0,23248,0,1933,5
2943,0,0,0,0,0,1,90,0,106,0,464,0
2943,1,0,0,0,0,1,55,0,851,0,1320,0
2943,1,0,0,0,0,1,198,0,35,0,253,0
2943,1,0,0,0,0,1,61,0,31,0,500,0
2943,1,0,0,0,1,0,89,0,27,0,59,0
2943,0,0,0,0,1,2,133,0,23,0,218,0
2943,0,0,0,0,0,0,280,0,44,0,64,0
2943,1,0,0,0,0,0,45,0,98,0,281,0
2943,0,0,0,0,0,0,140,0,598,0,446,0
2943,1,0,0,0,0,0,142,0,1618,0,987,1
2943,1,1,0,0,2,0,140,0,640,0,830,1
2943,0,0,0,0,1,0,276,0,2324,0,2860,24
2943,1,0,0,0,0,0,35,0,3010,0,2020,0
2943,1,0,0,0,0,0,48,0,1056,0,1020,0
2943,0,1,0,0,0,0,106,0,23018,0,16368,62
2943,0,0,0,0,0,0,111,0,876,0,395,0
2943,0,0,0,0,0,1,44,0,694,0,556,1
2943,0,0,0,0,0,0,42,0,263,0,1598,0
2943,1,0,0,0,0,1,176,0,169,0,601,3
2943,0,0,1,0,5,6,266,0,50,0,606,1
2943,0,0,0,0,0,0,122,0,215,0,123,2
2943,1,0,0,0,0,1,267,0,49,0,143,0
2943,0,0,0,0,0,0,83,0,1720,0,1364,0
2943,1,0,0,0,0,1,102,0,606,0,503,44
2943,0,0,0,0,0,0,105,0,990,0,785,1
2943,0,0,0,0,1,2,150,0,10629,0,10419,1
2943,0,0,0,0,5,0,79,0,874,0,2635,0
2943,1,0,0,0,2,0,142,0,68,0,367,0
2943,0,0,0,0,4,0,128,0,105,0,405,1
2943,0,0,0,0,0,0,160,0,276,0,271,0
2943,0,0,0,0,0,3,55,0,153,0,109,9
2943,1,0,0,0,2,2,99,0,7,0,291,0
2943,0,1,0,0,0,0,82,0,109,0,307,0
2943,0,0,0,0,2,0,158,0,381,0,136,0
2943,0,0,0,0,0,1,245,0,39,0,105,0
2943,0,0,0,0,0,1,69,0,223,0,290,0
2943,0,0,0,0,3,0,55,0,339,0,282,0
2943,1,0,0,0,0,1,202,0,35,0,253,0
2943,0,0,0,0,0,1,45,0,272,0,412,0
2943,1,0,0,0,0,1,139,0,791,0,251,0
2943,0,0,0,0,0,0,39,0,2932,0,1696,0
2943,1,0,0,0,0,1,162,0,117,0,483,0
2943,0,0,0,0,0,2,113,0,1220,0,4256,1
2943,0,0,0,0,0,0,73,0,114,0,175,0
2943,0,0,0,0,4,0,124,0,32,0,437,1
2944,0,0,0,0,0,0,87,0,8992,0,2513,128
2944,0,0,0,0,0,1,279,0,1845,0,995,0
2944,0,0,0,0,0,1,143,0,794,0,933,1
2944,0,0,0,0,0,0,36,0,302,0,699,0
2944,0,0,0,0,1,0,67,0,383,0,1491,1
2944,0,0,0,0,0,0,98,0,3215,1,1069,5
2944,0,1,0,0,0,2,61,0,1208,0,1615,1
2944,0,0,0,0,0,0,95,0,2950,1,843,6
2944,1,0,1,0,4,0,69,0,1,0,14,0
2944,0,0,0,0,3,0,57,0,422,0,270,0
2944,0,0,0,0,1,0,178,0,7603,0,8357,1
1821,0,0,0,0,0,0,221,1,362879,0,1826,20137
717,0,0,0,0,0,0,263,1,515931,0,815,8224
1787,0,0,0,0,0,0,267,1,177049,0,2054,8841
2076,0,0,0,0,0,0,74,1,157522,1,1294,3476
1651,0,0,0,0,0,0,263,1,20294,0,3303,783
2596,0,0,0,0,4,0,279,1,270744,0,1107,3627
2697,0,0,0,0,0,0,198,1,10148366,0,540,3459
1322,0,0,0,0,0,0,86,1,32128517,0,18,2220
1591,0,0,0,0,0,0,284,1,1544138,0,397354,1670
800,1,0,0,0,0,0,119,1,1098246,1,168,698
976,1,2,0,0,0,0,312,1,2986126,0,1216,791
1023,1,0,0,0,0,1,276,1,1289473,0,207,847
865,0,0,0,0,0,0,193,1,513707,1,1614,989
889,0,0,1,0,1,0,250,1,61220,0,985,1357
1815,0,0,0,0,0,0,267,1,177049,0,2054,1128
2920,0,0,0,0,2,1,278,1,19484,1,2126,917
3001,0,0,0,0,1,0,277,1,20294,0,3303,1274
2860,1,0,0,0,0,0,144,1,359833,0,10754,725
2950,0,1,0,0,1,0,301,1,6927158,0,4359,535
2934,0,1,0,0,1,0,300,1,5258,0,10,279
2755,0,0,0,0,0,0,221,1,293979,0,678,168
3069,0,0,0,0,0,0,283,1,3920112,0,193,1337
2980,0,0,0,0,2,2,168,1,10530,0,1313,112
2929,1,0,0,0,0,1,272,1,8693960,0,68539,417
3240,0,0,0,0,0,0,283,1,214957,0,146,678
2704,0,0,0,0,0,0,276,1,15171816,0,6877,175
2962,0,0,0,0,0,0,276,1,22823,0,3157,156
2950,0,0,0,0,0,0,222,1,2005052,0,375,135
3033,0,0,0,0,0,0,92,1,34569,0,2204,504
6969,0,0,0,0,1,0,264,1,160206,0,2896,7944
4357,0,0,0,0,0,0,196,1,5124197,0,219,8846
5195,0,0,0,0,0,0,222,1,127912,0,1021,4880
11455,0,0,0,0,1,2,265,1,462039,0,8,5532
7692,0,0,1,0,0,0,269,1,778613,0,56,2722
4180,0,1,0,0,0,0,195,1,13309,0,18,4086
8126,0,1,0,0,0,1,292,1,170852,0,704,2331
6784,0,0,0,0,0,0,304,1,601844,1,14589,2313
10835,0,0,1,0,0,0,307,1,273515,0,1682,4639
10830,0,0,1,0,1,1,300,1,336687,0,74,2249
7423,0,0,0,0,0,0,274,1,324121,0,1939,2110
3442,0,1,0,0,1,0,109,1,862427,0,1193,2037
3446,0,1,0,0,0,0,298,1,87882,0,2111,561
9998,1,1,0,0,0,0,258,1,20182627,0,452,5400
12331,0,0,0,0,1,3,275,1,4989568,0,2561,3874
12363,0,1,0,0,1,0,305,1,1503027,0,653,221
12395,0,0,0,1,3,0,300,1,2037429,0,4316,261
12352,0,0,0,0,0,2,301,1,190541,1,3144,448
12477,0,0,0,0,0,0,110,1,9753894,0,1073,119
12411,0,1,0,0,0,0,130,1,4191128,0,286,130
12386,1,0,0,0,0,0,88,1,859701,0,238,195
12395,0,0,0,0,0,0,255,1,1870090,0,520,99
12436,0,1,0,0,0,0,304,1,970287,0,71,350
12485,1,0,0,0,2,1,178,1,15809,1,1376,478
12540,1,0,0,0,1,1,278,1,364855,0,306,260
12485,0,1,0,0,0,0,114,1,23491282,0,1168,65
12354,0,0,0,0,1,0,271,1,13923,0,806,116
12380,0,1,0,0,0,0,113,1,23491282,0,1168,98
12403,1,0,0,0,0,0,102,1,797909,0,350,104
1821,0,0,0,0,0,0,221,1,362879,0,1826,20137
717,0,0,0,0,0,0,263,1,515931,0,815,8225
1787,0,0,0,0,0,0,267,1,177049,0,2054,8841
328,0,0,0,0,0,0,195,0,8204,0,2820,0
328,1,0,0,0,0,2,221,0,2188,0,1981,0
328,0,0,0,0,3,0,277,0,1235,0,2678,0
328,1,0,0,0,0,0,204,0,5,0,18,0
328,0,0,0,1,0,3,334,0,2993,0,1385,0
329,0,0,0,0,0,2,165,0,246,0,71,0
329,0,0,0,0,0,0,137,0,42,0,47,0
329,0,0,0,0,0,0,52,0,2472,0,4996,0
329,0,1,0,0,0,0,191,0,12584,0,4763,0
329,0,0,0,0,2,0,199,0,620,0,479,0
329,0,0,0,0,0,1,83,0,19259,0,19259,0
329,0,0,0,0,8,0,279,0,35118,0,31403,0
1822,0,0,0,0,2,4,149,0,9476,0,6560,4
1822,1,0,0,0,0,0,203,0,1223,1,2025,1
1822,0,0,0,0,0,0,102,0,368,1,1481,0
1822,0,0,0,0,0,0,259,0,89,0,71,0
1822,0,0,0,0,0,1,202,0,2136,0,3395,3
1822,0,0,0,0,0,2,239,0,32,0,61,1
1822,0,1,0,0,9,0,250,0,24707,0,18883,0
1822,1,0,0,0,0,1,140,0,212,0,678,1
1822,0,0,0,0,0,1,277,0,51,0,90,1
1822,0,0,0,0,0,0,179,0,13982,0,3610,3
1822,1,0,0,0,0,2,226,0,46,0,38,8
1822,1,0,0,0,0,1,204,0,462,0,640,0
1822,0,0,0,0,0,3,299,0,220,0,965,10
1822,0,0,0,0,1,0,211,0,931,0,1999,0
1822,0,0,0,0,0,0,112,0,14414,0,14042,1
1822,1,0,0,0,0,1,287,0,41,0,56,8
1822,0,0,0,0,5,2,193,0,222,0,504,0
1822,1,0,0,0,0,0,122,0,4460,1,1119,2
1822,1,0,0,0,0,2,143,0,6,0,248,1
1822,0,0,0,0,0,2,129,0,3041,0,4999,2
1822,0,0,0,0,0,2,264,0,504,0,99,2
1822,1,0,0,0,0,0,105,0,61,0,402,0
1822,0,0,0,0,0,5,341,0,112,0,416,0
1822,0,0,0,0,1,0,224,0,73,0,128,2
1822,0,0,0,0,0,0,256,0,248,0,182,0
1822,1,1,0,0,0,0,107,0,183,0,2,0
1822,1,0,0,0,0,0,69,0,27,0,48,1
1822,1,1,0,0,0,0,107,0,183,0,2,0
1822,1,0,0,0,0,0,130,0,1338,0,569,25
1823,0,0,0,0,0,0,243,0,798,0,942,6
1823,0,0,0,0,0,0,106,0,1616,1,144,1
1823,1,0,0,0,0,1,101,0,315,0,844,1
1823,1,0,0,0,0,1,282,0,121,0,210,2
1823,0,0,0,0,0,1,202,0,690,0,851,1
1823,0,0,0,0,0,0,152,0,831,1,4242,3
1823,0,1,0,0,0,3,223,0,2149,0,531,21
1823,0,0,0,1,0,1,229,0,6799,0,2773,294
1823,1,0,0,0,0,0,278,0,393,0,429,0
1823,0,0,0,0,0,4,157,0,13,0,63,1
1823,0,1,0,0,0,2,311,0,346,0,401,2
1823,1,1,0,0,2,1,223,1,697,0,63,9
1823,0,0,0,0,0,1,136,0,1682,0,592,1
1823,0,0,0,0,1,1,289,0,9476,1,6560,6
1823,1,0,0,0,0,1,283,0,6,0,52,2
1823,0,0,0,0,0,0,112,0,122,0,257,1
1823,0,0,0,0,1,0,292,0,13606,1,2268,47
1823,0,0,0,0,0,2,192,0,1043,0,306,20
1824,1,0,0,0,0,0,278,0,469,0,1077,12
1824,0,0,0,0,3,0,141,0,5765,0,6351,0
1824,1,0,0,0,0,3,255,0,12,0,60,0
1824,0,0,0,0,0,1,281,0,1988,0,2743,0
1824,0,2,0,0,4,0,212,0,356,0,42,15
1824,0,0,0,0,5,50,910,0,1462,0,94,2
1824,0,0,0,0,5,0,115,0,869,0,2577,0
1824,0,0,0,0,0,1,281,0,1179,0,1394,0
1824,0,0,0,0,0,0,161,0,1841,1,791,0
1824,0,0,0,0,2,0,244,0,1118,0,6,0
1824,1,0,0,0,3,1,178,0,87,0,347,0
1824,0,0,0,0,0,0,267,0,290,1,533,2
1824,0,0,0,0,0,1,238,0,183,0,197,1
1824,1,0,0,0,0,3,217,0,33,0,22,2
1824,0,0,0,0,0,0,233,0,258,0,196,4
1824,1,1,0,0,1,1,300,0,831,0,137,0
1825,0,0,0,0,0,1,281,0,1988,0,2743,1
1825,0,0,0,0,0,0,97,0,27458,0,9327,0
1825,1,0,0,0,0,4,333,0,962,0,603,0
1825,1,0,0,0,0,0,256,1,945356,0,16,15
1825,0,0,0,0,0,1,84,0,478,0,312,1
1825,1,0,0,0,0,49,889,0,105,0,505,0
1825,0,1,0,0,5,0,245,0,633,0,637,1
1825,0,0,0,0,4,0,279,0,42,0,171,3
1825,0,0,0,0,2,0,236,0,680,0,269,0
1825,0,0,0,0,3,1,211,0,1436,0,585,1
1825,0,0,0,0,2,0,275,0,85,0,56,1
1825,0,0,0,0,0,3,305,0,321,0,577,2
1825,0,0,0,0,0,0,260,0,479,0,522,9
1825,1,0,0,0,0,1,265,0,1226,0,1378,2
1825,0,0,0,0,0,0,149,0,571,0,1091,0
1825,0,0,0,0,0,0,48,0,1864,0,929,0
1825,0,0,0,0,0,2,256,0,436,0,1118,0
1825,0,0,0,0,0,0,157,0,597,0,164,0
1825,1,0,0,0,0,0,249,0,19,0,154,0
1825,0,0,0,0,0,3,200,0,86,0,242,2
1826,0,0,0,0,8,1,277,0,225,0,150,1
1826,0,0,0,0,0,1,35,0,7195,0,7473,0
1826,0,0,0,0,0,4,143,0,1218,0,1669,23
1826,0,1,0,0,13,1,280,1,9471,0,1143,2
1826,0,1,0,0,0,0,289,0,1271,0,4463,0
1826,0,0,0,0,0,0,279,0,998,0,729,0
1826,0,0,0,0,0,1,145,0,1909,0,734,2
1826,0,0,0,0,0,3,212,0,37,0,34,3
1826,0,0,0,0,0,0,174,0,7279,0,6107,6
1826,0,0,1,0,1,0,266,0,2113,0,2197,2
1826,0,0,0,0,5,4,139,0,80,1,100,2
1826,0,0,0,0,0,2,309,0,4009,0,846,9
1827,0,0,0,0,0,2,197,0,6562,1,1487,4
1827,0,0,0,0,0,0,154,0,51,0,296,0
1827,0,0,0,0,1,0,96,0,1842,0,176,0
1827,1,1,0,0,0,0,107,0,183,0,2,0
1827,0,0,0,0,0,0,262,0,1080,0,1063,19
1827,1,0,0,0,0,2,240,0,126,0,1521,0
1827,1,0,0,0,0,2,123,0,43,0,424,18
1827,1,0,0,0,0,0,272,0,350,1,283,1
1827,0,0,0,0,2,0,208,0,637,0,253,0
1827,1,1,0,0,0,0,107,0,183,0,2,0
1827,1,0,0,0,3,1,261,0,2,0,1,0
1827,1,0,0,0,2,0,129,0,254,1,1385,0
1827,0,1,0,0,0,0,112,1,275249,0,12070,0
1827,0,0,0,0,0,0,276,0,317,0,185,0
1827,0,0,0,0,0,0,118,0,2111,0,2084,0
1827,0,0,0,0,0,1,264,0,797,0,634,0
1827,1,0,0,0,0,0,123,0,94,0,7,0
1827,0,0,0,0,0,4,202,0,46,0,33,0
1827,0,0,0,0,0,1,134,0,1463,0,1181,0
1827,1,0,0,0,2,1,264,0,2,0,1,0
1827,0,1,0,0,1,0,302,0,133,0,82,2
1827,0,0,0,0,0,0,82,0,2233,0,4502,0
1827,0,0,0,0,0,5,298,0,163,0,290,1
1828,0,0,0,0,0,1,278,0,166,0,99,7
1828,0,0,0,0,0,1,89,0,337,0,439,0
1828,0,0,0,0,0,1,118,0,320,0,121,0
1828,0,0,0,0,8,7,306,1,7656,1,1262,3
1828,0,0,0,0,0,1,185,1,31271,0,7022,27
1828,1,0,0,0,0,2,231,0,433,0,593,16
1828,1,0,0,0,0,3,94,0,197,0,158,0
1828,0,0,0,0,0,0,103,0,464,0,169,6
1828,0,0,0,0,0,2,260,0,108,0,719,3
1828,0,1,0,0,0,0,115,0,78,0,99,0
1828,0,0,0,0,0,0,218,0,736,0,391,2
1829,0,0,0,0,0,0,301,0,6429,1,300,7
1829,0,0,0,0,0,2,236,0,58,0,65,7
1829,0,0,0,0,0,1,69,0,2465,0,49,2
1829,0,0,0,0,0,4,271,0,2,0,540,1
1829,1,1,0,0,0,0,114,0,183,0,2,0
1829,1,1,0,0,0,0,114,0,183,0,2,0
1829,0,0,0,0,0,1,176,0,609,0,706,1
1829,0,0,0,0,0,1,121,0,4093,0,364,2
1829,0,0,0,0,0,1,228,0,32,0,144,2
1830,1,0,0,1,0,2,252,0,0,0,25,0
1830,0,0,0,0,6,0,136,0,281,0,171,1
1830,0,0,0,0,0,0,72,0,732,0,333,1
1830,0,0,1,0,6,1,301,0,3015,0,1412,0
1830,1,0,0,0,0,2,299,0,4,0,23,0
1830,0,4,0,0,14,0,302,0,649,0,410,4
1830,1,0,0,0,0,2,193,0,4,0,0,0
1830,0,0,0,0,0,2,254,0,3448,0,980,1
1830,0,0,0,0,0,1,293,0,89,0,379,2
1830,1,0,0,0,0,0,151,0,904,0,454,3
1830,0,0,0,0,0,0,226,0,847,0,463,1
1830,0,0,0,0,0,1,72,0,3260,0,4995,1
1830,0,0,0,0,0,0,291,0,1243,1,538,1
1830,1,0,0,0,0,1,267,0,164,0,1136,0
1830,0,1,0,0,0,0,214,0,7486,0,989,5
1830,1,0,0,0,0,2,100,0,2229,0,3106,0
1830,0,0,0,0,0,0,110,0,672,0,394,2
1830,0,0,0,0,0,0,143,0,131,0,96,4
1830,0,0,0,0,0,0,250,0,2021,1,2709,81
1830,0,0,0,0,0,0,196,0,59,0,449,0
1830,0,0,0,0,0,0,150,0,217,0,232,0
1830,0,0,0,0,5,2,258,0,63,0,211,1
1831,0,0,0,0,0,0,257,0,135,0,552,3
1831,0,0,0,0,0,1,263,0,11,0,36,0
1831,1,1,0,0,0,0,107,0,183,0,2,0
1831,1,1,0,0,0,0,107,0,183,0,2,0
1831,0,0,0,0,0,1,138,0,3253,0,400,1
1831,1,1,0,0,0,0,107,0,183,0,2,0
1831,1,1,0,0,0,0,107,0,183,0,2,0
1831,0,0,0,0,0,1,72,0,523,0,413,5
1832,0,0,0,0,2,0,219,0,226,0,213,0
1832,0,0,0,0,0,0,197,0,88,0,397,0
1832,0,0,0,0,0,0,236,0,372,0,13,0
1832,0,0,0,0,0,1,290,0,932,0,675,1
1832,0,0,0,0,0,1,89,0,558,0,254,0
1832,0,0,0,0,0,0,247,0,211,0,345,0
1832,1,0,0,0,0,2,59,0,201,0,2163,0
1832,1,0,0,0,2,0,189,0,884,0,74,2
1832,0,1,0,0,1,0,186,0,5724,0,616,34
1832,1,0,0,0,0,0,141,0,25335,1,829,46
1832,1,0,0,0,0,0,80,0,4,0,15,0
1832,0,0,0,0,0,1,256,0,104,0,226,2
1832,1,0,0,0,0,0,68,0,13,0,24,0
1833,1,0,0,0,2,0,273,0,2,0,1,0
1833,1,0,0,0,2,0,176,0,2984,0,1591,6
1833,0,0,0,0,0,2,312,0,8039,0,6723,79
1833,0,1,0,0,2,0,261,0,16,0,10,0
1409,0,0,0,0,0,0,248,1,800925,0,460,8795
1307,0,1,0,0,0,1,272,1,372557,0,940,1034
1363,0,0,0,0,0,0,184,1,372557,0,940,1469
2469,0,0,0,0,0,1,280,1,4000621,0,682,1210
986,0,1,0,0,0,0,299,1,369303,0,10392,508
1763,0,0,0,0,0,2,184,1,14964,0,1810,2370
760,0,0,0,0,0,1,207,1,1209995,0,824,982
1821,0,1,0,0,0,0,304,1,1109142,0,490,617
2518,0,0,0,0,0,0,261,1,36274,1,48,901
1022,0,1,0,0,1,0,304,1,961227,0,22,356
2355,0,1,0,0,0,0,299,1,506501,0,1075,213
1704,0,0,0,0,0,0,272,1,361255,0,1893,921
819,0,0,0,0,0,0,213,1,208204,0,1562,1579
997,0,0,0,0,0,0,272,1,156637,0,6236,572
2890,0,0,0,0,0,0,196,1,422149,0,1526,750
2967,0,0,0,0,0,0,69,1,102693,0,1460,1472
3076,1,1,0,0,0,0,146,1,4290,0,274,3482
2965,0,0,0,0,0,0,274,1,312375,0,2154,158
3680,0,0,0,0,0,0,294,1,100250,0,2293,5483
9061,0,0,0,0,0,0,230,1,825654,0,2153,8612
5036,0,0,0,0,0,0,304,1,12185971,1,2330,6711
10214,0,1,0,0,0,0,282,1,97531,0,1992,3523
7690,0,0,0,0,0,0,276,1,394407,0,399,4737
3144,0,1,0,0,1,0,301,1,7234,0,6277,44
3718,1,0,0,0,0,0,160,1,1330607,0,62,2177
4078,0,0,0,0,0,0,130,1,293979,0,678,2140
3369,0,0,0,0,0,0,279,1,16967,0,4613,166
10119,0,4,0,0,1,1,304,1,10148366,0,540,2119
9475,0,0,1,0,1,1,311,1,11707533,0,709,2318
7502,1,1,0,0,0,0,265,1,1289473,0,207,1114
12230,0,0,0,0,0,0,276,1,1759487,0,5391,1351
11804,1,0,0,0,2,0,279,1,176466,0,55,2095
12335,0,1,0,0,1,0,193,1,1036007,0,524,1258
11159,0,0,0,0,2,1,298,1,49227,1,346,1191
10846,0,0,0,0,0,1,278,1,178534,0,1279,1404
11719,0,0,0,0,0,0,290,1,256671,1,2009,686
10798,0,0,0,0,1,0,79,1,1109142,0,490,1678
11494,0,0,0,0,0,0,164,1,8547,0,6,1122
11409,0,0,0,0,0,0,201,1,422149,0,1526,932
11968,0,0,0,0,0,1,263,1,1081235,0,10537,1496
12136,0,0,0,0,0,0,252,1,515932,0,815,2089
10985,0,0,0,0,0,0,278,1,207095,1,2243,760
12318,1,1,0,0,0,0,77,1,4337309,0,434,2188
11764,0,0,0,0,3,0,279,1,19084,0,567,630
10232,0,1,0,0,0,0,48,1,1318941,0,7930,5877
12400,0,0,0,0,0,0,78,1,119103,0,585,1639
12414,0,1,0,0,1,0,310,1,165278,0,3939,113
12413,0,3,0,0,0,2,264,1,776125,0,73,838
12434,0,0,0,0,0,1,174,1,243001,0,838,97
12399,0,0,0,0,0,0,264,1,47413,0,1782,142
12467,0,4,0,0,1,1,310,1,42417,0,422,135
12487,0,1,0,0,0,0,155,1,1036007,0,524,148
12518,0,1,0,0,3,0,301,1,45746,0,319,88
12449,0,1,0,0,2,10,308,1,57249,0,1543,38
12421,0,0,1,0,0,0,299,1,14623,0,926,131
12545,0,1,0,0,0,2,307,1,36198,0,2184,158
12426,0,0,0,0,0,1,279,1,18708,0,445,261
12345,0,1,0,0,0,0,311,1,68766,0,5580,51
12561,0,1,0,0,0,0,291,1,52423,0,593,63
1409,0,0,0,0,0,0,248,1,800925,0,460,8795
1307,0,1,0,0,0,1,272,1,372557,0,940,1034
1363,0,0,0,0,0,0,184,1,372557,0,940,1469
328,0,0,0,0,0,2,236,0,11,0,132,0
328,0,0,0,0,0,2,72,0,18771,0,1082,0
328,1,0,0,0,0,3,290,0,1,0,25,0
328,0,0,0,0,0,1,242,0,1025,0,1363,0
328,0,0,0,0,0,2,287,0,12,0,250,0
328,0,1,0,0,0,0,278,0,4340,0,48,0
328,1,0,0,0,0,1,107,0,56,0,99,0
328,0,0,0,0,0,3,298,0,305,0,231,0
328,0,0,0,0,0,0,160,0,597,0,385,0
328,1,0,0,0,0,3,270,0,1409,0,689,0
328,0,0,0,0,0,2,287,0,305,0,231,0
328,0,0,0,0,0,3,300,0,305,0,231,0
1409,1,1,0,0,11,1,291,0,1280,0,3955,0
1409,0,0,0,0,1,8,257,0,2401,0,3391,3
1409,1,0,0,0,0,4,217,0,4,0,155,0
1409,1,0,0,0,0,1,149,0,598,0,1263,0
1409,0,0,0,0,0,0,236,0,130,0,238,1
1410,1,0,0,0,0,2,186,0,2,0,48,0
1410,1,1,0,0,3,0,127,0,38,0,27,0
1410,0,0,0,0,0,2,293,0,1597,0,1905,0
1410,0,1,0,0,0,0,127,0,2414,0,503,0
1410,1,1,0,0,2,0,231,0,92,0,365,0
1410,0,1,0,0,18,0,238,0,157,0,13,1
1410,0,0,0,0,0,1,55,0,1465,0,2768,1
1410,0,0,0,0,1,0,225,0,1,0,40,0
1410,0,0,0,0,5,0,117,0,2,0,8,0
1410,1,0,0,0,0,2,56,0,10,0,22,0
1410,0,0,1,0,0,5,310,0,305,0,111,1
1411,0,0,0,0,0,0,150,0,125,0,686,3
1411,0,0,0,0,0,4,242,0,3327,0,301,0
1411,0,1,0,0,20,0,257,0,157,0,13,1
1411,1,0,0,0,0,0,139,0,81,0,2,0
1411,0,0,0,0,2,0,296,0,2269,0,814,9
1411,0,1,0,0,0,0,149,0,102,0,219,1
1411,0,0,0,0,0,7,151,0,320,0,37,1
1411,0,1,0,0,11,1,291,0,22,0,100,0
1411,0,0,0,0,0,0,181,1,1230622,0,231,16
1411,1,0,0,0,0,5,174,0,25,0,65,0
1412,0,0,0,0,0,1,137,0,4617,0,3250,2
1412,0,0,0,0,0,0,95,0,6956,1,1084,0
1412,0,1,0,0,3,0,204,0,330,0,344,0
1412,0,0,0,0,0,0,75,0,1066,0,597,0
1412,0,0,0,0,3,0,113,0,2902,0,1747,1
1412,1,0,0,0,0,2,198,0,2,0,20,0
1412,1,0,0,0,3,5,228,0,145,0,524,0
1412,0,0,0,0,0,1,271,0,18,0,38,0
1412,1,0,0,0,3,3,232,0,145,1,524,1
1412,1,0,0,0,0,0,76,0,197,0,304,0
1412,0,0,0,0,0,1,126,0,454,0,781,1
1412,0,1,0,0,0,0,149,0,102,0,219,1
1412,0,0,0,0,0,0,115,0,338,0,694,1
1412,0,0,0,0,0,0,89,0,1063,0,533,11
1412,0,0,0,0,0,2,280,0,18,0,38,0
1412,0,0,0,0,0,0,284,0,34475,0,3580,16
1412,0,0,0,0,1,2,173,0,497,0,733,0
1413,0,0,0,0,0,0,196,0,654,1,1131,2
1413,0,1,0,0,0,0,253,1,49171,0,14975,0
1413,1,0,0,0,1,4,168,0,4,1,27,0
1413,0,1,0,0,0,0,88,0,57371,0,60185,0
1413,0,1,0,0,16,2,291,0,41,0,24,2
1413,0,1,0,0,22,0,302,0,532,0,1990,0
1413,0,0,0,0,1,2,277,0,597,0,484,1
1413,0,0,0,0,11,0,276,0,201,0,182,0
1413,0,0,0,0,0,2,200,0,33,0,57,0
1413,0,0,0,0,0,1,163,0,144,0,106,0
1414,1,4,0,0,6,0,304,0,17,0,74,0
1414,1,0,0,0,1,1,148,0,18,0,49,1
1414,0,0,0,0,1,0,107,0,141811,0,115184,0
1414,1,0,0,0,0,5,202,0,179,0,924,0
1414,0,0,0,0,0,0,301,0,8708,1,368,7
1414,0,1,0,0,4,0,256,0,113,0,390,0
1414,0,0,0,0,1,1,294,0,5,0,78,1
1415,0,1,0,0,9,0,302,0,1087,0,278,0
1415,1,0,0,0,0,0,133,0,16,0,0,0
1415,0,1,0,0,16,2,289,0,41,0,24,2
1415,1,1,0,0,3,0,123,0,38,0,27,0
1415,1,0,0,0,0,1,184,0,60,0,337,0
1415,1,0,0,0,0,3,192,0,177,1,2007,0
1415,1,0,0,0,1,5,240,0,1,0,2,0
1415,1,1,0,0,4,0,237,0,7,0,17,0
1415,1,0,0,0,0,1,98,0,1390,0,3423,0
1415,1,0,0,0,0,0,233,0,1536,0,2655,0
1415,0,0,0,0,0,0,124,0,897,0,159,0
1416,0,0,0,0,0,3,318,0,447,0,211,1
1416,0,0,0,0,0,0,83,0,1914,0,1690,0
1416,1,0,0,0,0,0,255,0,148,0,9,0
1416,0,1,0,0,1,0,286,0,33,0,140,4
1416,0,1,0,0,16,2,288,0,41,0,24,2
1416,0,0,0,0,0,1,57,0,526,0,415,1
1416,0,0,0,0,0,0,93,0,287,0,901,0
1416,1,0,0,0,0,0,115,0,1387,0,2371,0
1416,0,1,0,0,2,0,302,1,2706,0,201,3
1416,0,1,0,0,13,0,213,0,65,0,16,0
1416,1,0,0,0,0,3,285,0,4070,0,4866,6
1416,0,2,0,0,0,0,208,0,121,0,809,0
1416,0,0,0,0,5,0,139,0,188,0,252,0
1416,1,0,0,0,0,1,101,0,37,0,153,0
1416,0,0,0,0,0,8,228,0,635,0,810,0
1417,0,0,0,0,0,3,186,0,635,1,810,0
1417,1,0,0,0,0,0,148,0,1013,0,1484,0
1417,0,0,1,0,11,0,232,0,5,0,13,2
1417,0,1,0,0,0,0,197,0,31668,0,31128,1
1417,0,1,0,0,5,0,293,0,21,0,131,2
1417,1,0,0,0,8,0,133,0,143,0,126,0
1417,0,0,0,0,0,1,130,0,23203,0,33,5
1417,0,1,0,0,15,3,299,0,41,0,24,3
1417,0,0,0,0,0,0,278,0,600,0,782,0
1417,0,0,0,0,0,0,112,1,15046,0,2053,32
1418,1,1,0,0,0,2,228,0,1485,0,358,7
1418,0,0,0,0,0,4,330,0,139,0,150,0
1418,0,0,0,0,0,1,106,0,18,0,59,0
1418,0,0,0,0,0,2,218,1,1966815,0,116,4
1418,1,0,0,0,0,1,227,0,5,0,119,0
1418,0,0,1,0,4,1,264,1,7914,0,647,2
1418,1,0,0,0,0,0,276,0,45,0,1097,0
1418,1,0,0,0,0,0,224,0,45,0,1097,0
1418,1,0,0,0,0,0,264,0,45,0,1097,0
1419,0,0,0,0,0,1,26,0,162,0,181,3
1419,0,0,0,0,4,11,294,0,170,0,242,10
1419,0,1,0,0,5,0,153,0,19,0,166,0
1419,1,0,0,0,0,1,182,0,570,0,3731,2
1419,0,1,0,0,6,0,301,0,40,0,11,0
1419,0,1,0,0,8,1,318,0,525,1,50,8
1419,1,0,0,0,1,2,91,0,325,0,534,0
1419,0,0,0,0,7,0,192,0,31,0,62,4
1419,0,0,0,0,3,0,93,0,29,0,39,1
1419,1,0,0,0,0,2,187,0,388,0,836,0
1419,0,0,0,0,0,1,227,0,18,0,171,0
1419,0,0,0,0,0,0,261,1,10654,0,61,1
1419,0,1,0,0,0,0,246,0,10,0,6,0
1420,1,1,0,0,3,0,130,0,38,0,27,0
1420,0,1,0,0,0,0,184,1,175165,0,744,12
1420,1,0,1,0,1,2,303,0,256,0,212,1
1420,0,0,0,0,0,0,106,1,295847,0,4180,4
1420,0,1,0,0,4,0,301,0,40057,0,485,30
1420,1,0,0,0,4,0,191,0,1261,0,839,0
1420,0,0,0,0,6,0,98,0,17,0,239,0
1420,0,1,0,0,8,0,300,0,40,0,23,0
1420,0,0,0,0,5,0,265,0,6171,0,421,3
1420,0,0,0,0,0,0,149,0,142,0,207,0
1420,0,1,0,0,9,0,225,0,370,0,1925,0
1420,0,0,0,0,0,2,170,1,12509,0,762,7
1420,0,0,0,0,0,0,89,0,69,0,89,0
1420,1,0,0,0,3,0,138,0,24,0,52,1
1420,0,1,0,0,8,0,280,0,16362,0,43,1
1420,0,1,0,0,0,0,66,0,1676,0,1259,19
1420,1,0,0,0,0,0,280,0,90,0,348,4
1420,1,0,0,0,1,1,260,0,22,0,26,0
1420,0,0,0,0,0,4,213,0,473,0,2059,0
1420,1,0,0,0,0,0,276,0,19443,0,12376,194
1420,0,0,0,0,0,0,279,0,3820,0,1621,14
1421,1,0,0,0,0,0,220,0,51,0,878,0
1421,1,0,0,0,0,1,149,0,156,0,1198,0
1421,0,0,0,0,0,1,82,0,20,0,164,2
1421,1,0,0,0,0,1,152,0,156,0,1198,0
1421,1,0,0,0,0,1,151,0,156,0,1198,0
1421,1,0,0,0,0,1,148,0,156,0,1198,0
1421,1,0,0,0,0,1,152,0,156,0,1198,0
1421,0,0,0,0,0,0,80,0,130,1,112,0
1421,0,1,0,0,0,0,154,0,223,0,595,0
1421,0,0,0,0,0,14,231,0,27,0,33,3
1421,1,0,0,0,0,1,152,0,156,0,1198,0
1421,0,0,0,0,0,0,100,0,34479,0,413,0
1421,0,0,0,0,0,1,169,0,7764,0,8537,1
1422,0,0,0,0,0,2,279,0,2508,0,455,0
1422,1,0,0,0,0,1,149,0,156,0,1198,0
1422,0,0,0,0,0,1,214,0,1813,0,196,2
1422,1,0,0,0,0,1,149,0,156,0,1198,0
1422,0,0,0,0,0,1,156,0,116,0,100,0
1422,1,0,0,0,0,8,236,0,14,0,251,0
1422,1,0,0,0,0,4,334,0,8,0,255,0
1422,1,0,0,0,0,0,137,0,156,0,1198,0
1422,1,0,0,0,0,2,305,0,53,0,321,0
1422,0,0,0,0,0,3,320,0,780,0,2000,1
1422,1,0,0,0,3,0,258,0,634,0,1,0
1422,0,1,0,0,1,1,257,0,319,0,874,6
1422,0,0,0,0,0,1,112,0,181,0,378,0
1422,0,0,0,0,14,0,247,0,8,0,23,0
1422,0,1,0,0,4,0,288,0,185,0,80,0
1423,1,1,0,0,17,0,267,0,26,0,44,0
1423,0,1,0,0,5,0,277,0,1,0,4,2
1423,0,0,0,0,0,1,31,0,410,0,32,0
1423,0,1,0,0,1,0,307,0,183,0,53,7
1423,1,0,0,0,0,1,223,0,24,0,239,1
1423,0,0,0,0,1,1,275,0,2718,0,4987,1
1423,1,0,0,0,0,1,124,0,446,0,462,0
1424,0,0,0,0,0,2,305,0,242,1,1726,1
1424,1,0,0,0,0,3,295,0,269,0,3329,1
1424,1,0,0,0,0,1,117,0,1,0,74,3
1424,0,1,0,0,1,0,248,0,75,0,46,12
1424,0,1,0,0,8,0,294,0,88,0,24,4
1424,1,0,0,0,0,4,311,0,123,0,160,0
1424,0,0,0,0,0,1,151,0,315,0,378,0
1424,1,0,0,0,3,0,94,0,2255,0,0,0
1424,1,0,0,0,2,1,109,0,2,0,50,0
1424,0,0,0,0,0,0,87,0,23,0,1819,0
1424,0,0,0,0,0,1,82,0,480,0,493,1
